date,field,plot,treatment,compound,concentration (mg/L),lys_num,month,year
6/19/2018,1,CV-1,C,nh4,NA,6,Jun,2018
6/19/2018,1,CV-2,C,nh4,NA,7,Jun,2018
6/19/2018,1,CV-3,C,nh4,NA,8,Jun,2018
6/19/2018,1,CV-4,C,nh4,0.77,9,Jun,2018
6/19/2018,1,PA-1,P,nh4,NA,10,Jun,2018
6/19/2018,1,PA-2,P,nh4,NA,11,Jun,2018
6/19/2018,1,PA-3,P,nh4,NA,12,Jun,2018
6/19/2018,1,PA-4,P,nh4,NA,13,Jun,2018
6/19/2018,2,CV-1,C,nh4,NA,19,Jun,2018
6/19/2018,2,CV-2,C,nh4,0.76,20,Jun,2018
6/19/2018,2,CV-3,C,nh4,1.08,21,Jun,2018
6/19/2018,2,CV-4,C,nh4,0.95,22,Jun,2018
6/19/2018,2,PA-1,P,nh4,1.13,23,Jun,2018
6/19/2018,2,PA-2,P,nh4,NA,24,Jun,2018
6/19/2018,2,PA-3,P,nh4,NA,25,Jun,2018
6/19/2018,2,PA-4,P,nh4,NA,26,Jun,2018
6/19/2018,3,CV-1,C,nh4,0.87,32,Jun,2018
6/19/2018,3,CV-2,C,nh4,1.15,33,Jun,2018
6/19/2018,3,CV-3,C,nh4,1.18,34,Jun,2018
6/19/2018,3,CV-4,C,nh4,0.76,35,Jun,2018
6/19/2018,3,PA-1,P,nh4,0.6,36,Jun,2018
6/19/2018,3,PA-2,P,nh4,NA,37,Jun,2018
6/19/2018,3,PA-3,P,nh4,NA,38,Jun,2018
6/19/2018,3,PA-4,P,nh4,0.36,39,Jun,2018
6/19/2018,4,CV-1,C,nh4,NA,45,Jun,2018
6/19/2018,4,CV-2,C,nh4,0.38,46,Jun,2018
6/19/2018,4,CV-3,C,nh4,0.53,47,Jun,2018
6/19/2018,4,CV-4,C,nh4,0.37,48,Jun,2018
6/19/2018,4,PA-1,P,nh4,0.57,49,Jun,2018
6/19/2018,4,PA-2,P,nh4,NA,50,Jun,2018
6/19/2018,4,PA-3,P,nh4,0.46,51,Jun,2018
6/19/2018,4,PA-4,P,nh4,0.42,52,Jun,2018
6/19/2018,1,CV-1,C,no3,NA,6,Jun,2018
6/19/2018,1,CV-2,C,no3,NA,7,Jun,2018
6/19/2018,1,CV-3,C,no3,NA,8,Jun,2018
6/19/2018,1,CV-4,C,no3,0.68,9,Jun,2018
6/19/2018,1,PA-1,P,no3,NA,10,Jun,2018
6/19/2018,1,PA-2,P,no3,NA,11,Jun,2018
6/19/2018,1,PA-3,P,no3,NA,12,Jun,2018
6/19/2018,1,PA-4,P,no3,NA,13,Jun,2018
6/19/2018,2,CV-1,C,no3,NA,19,Jun,2018
6/19/2018,2,CV-2,C,no3,0.01,20,Jun,2018
6/19/2018,2,CV-3,C,no3,1.35,21,Jun,2018
6/19/2018,2,CV-4,C,no3,0.13,22,Jun,2018
6/19/2018,2,PA-1,P,no3,0,23,Jun,2018
6/19/2018,2,PA-2,P,no3,NA,24,Jun,2018
6/19/2018,2,PA-3,P,no3,NA,25,Jun,2018
6/19/2018,2,PA-4,P,no3,NA,26,Jun,2018
6/19/2018,3,CV-1,C,no3,1.73,32,Jun,2018
6/19/2018,3,CV-2,C,no3,5.76,33,Jun,2018
6/19/2018,3,CV-3,C,no3,0.09,34,Jun,2018
6/19/2018,3,CV-4,C,no3,37.53,35,Jun,2018
6/19/2018,3,PA-1,P,no3,0.05,36,Jun,2018
6/19/2018,3,PA-2,P,no3,NA,37,Jun,2018
6/19/2018,3,PA-3,P,no3,NA,38,Jun,2018
6/19/2018,3,PA-4,P,no3,0.51,39,Jun,2018
6/19/2018,4,CV-1,C,no3,NA,45,Jun,2018
6/19/2018,4,CV-2,C,no3,0.09,46,Jun,2018
6/19/2018,4,CV-3,C,no3,3.74,47,Jun,2018
6/19/2018,4,CV-4,C,no3,21,48,Jun,2018
6/19/2018,4,PA-1,P,no3,2.6,49,Jun,2018
6/19/2018,4,PA-2,P,no3,NA,50,Jun,2018
6/19/2018,4,PA-3,P,no3,6.82,51,Jun,2018
6/19/2018,4,PA-4,P,no3,4.06,52,Jun,2018
6/5/2018,1,CV-1,C,nh4,0.75,6,Jun,2018
6/5/2018,1,CV-2,C,nh4,0.88,7,Jun,2018
6/5/2018,1,CV-3,C,nh4,0.57,8,Jun,2018
6/5/2018,1,CV-4,C,nh4,0.67,9,Jun,2018
6/5/2018,1,PA-1,P,nh4,NA,10,Jun,2018
6/5/2018,1,PA-2,P,nh4,NA,11,Jun,2018
6/5/2018,1,PA-3,P,nh4,NA,12,Jun,2018
6/5/2018,1,PA-4,P,nh4,0.73,13,Jun,2018
6/5/2018,2,CV-1,C,nh4,0.76,19,Jun,2018
6/5/2018,2,CV-2,C,nh4,0.53,20,Jun,2018
6/5/2018,2,CV-3,C,nh4,0.48,21,Jun,2018
6/5/2018,2,CV-4,C,nh4,0.34,22,Jun,2018
6/5/2018,2,PA-1,P,nh4,1.26,23,Jun,2018
6/5/2018,2,PA-2,P,nh4,NA,24,Jun,2018
6/5/2018,2,PA-3,P,nh4,0.53,25,Jun,2018
6/5/2018,2,PA-4,P,nh4,0.92,26,Jun,2018
6/5/2018,3,CV-1,C,nh4,0.45,32,Jun,2018
6/5/2018,3,CV-2,C,nh4,0.46,33,Jun,2018
6/5/2018,3,CV-3,C,nh4,0.34,34,Jun,2018
6/5/2018,3,CV-4,C,nh4,0.57,35,Jun,2018
6/5/2018,3,PA-1,P,nh4,0.74,36,Jun,2018
6/5/2018,3,PA-2,P,nh4,0.74,37,Jun,2018
6/5/2018,3,PA-3,P,nh4,0.62,38,Jun,2018
6/5/2018,3,PA-4,P,nh4,0.78,39,Jun,2018
6/5/2018,4,CV-1,C,nh4,NA,45,Jun,2018
6/5/2018,4,CV-2,C,nh4,1.29,46,Jun,2018
6/5/2018,4,CV-3,C,nh4,0.94,47,Jun,2018
6/5/2018,4,CV-4,C,nh4,0.66,48,Jun,2018
6/5/2018,4,PA-1,P,nh4,0.51,49,Jun,2018
6/5/2018,4,PA-2,P,nh4,NA,50,Jun,2018
6/5/2018,4,PA-3,P,nh4,0.36,51,Jun,2018
6/5/2018,4,PA-4,P,nh4,0.93,52,Jun,2018
6/5/2018,1,CV-1,C,no3,0.12,6,Jun,2018
6/5/2018,1,CV-2,C,no3,0.05,7,Jun,2018
6/5/2018,1,CV-3,C,no3,0.19,8,Jun,2018
6/5/2018,1,CV-4,C,no3,0.68,9,Jun,2018
6/5/2018,1,PA-1,P,no3,NA,10,Jun,2018
6/5/2018,1,PA-2,P,no3,NA,11,Jun,2018
6/5/2018,1,PA-3,P,no3,NA,12,Jun,2018
6/5/2018,1,PA-4,P,no3,0.06,13,Jun,2018
6/5/2018,2,CV-1,C,no3,1.7,19,Jun,2018
6/5/2018,2,CV-2,C,no3,0,20,Jun,2018
6/5/2018,2,CV-3,C,no3,3.82,21,Jun,2018
6/5/2018,2,CV-4,C,no3,0.23,22,Jun,2018
6/5/2018,2,PA-1,P,no3,0,23,Jun,2018
6/5/2018,2,PA-2,P,no3,NA,24,Jun,2018
6/5/2018,2,PA-3,P,no3,0,25,Jun,2018
6/5/2018,2,PA-4,P,no3,0.32,26,Jun,2018
6/5/2018,3,CV-1,C,no3,2.25,32,Jun,2018
6/5/2018,3,CV-2,C,no3,13.82,33,Jun,2018
6/5/2018,3,CV-3,C,no3,0.68,34,Jun,2018
6/5/2018,3,CV-4,C,no3,38.58,35,Jun,2018
6/5/2018,3,PA-1,P,no3,0,36,Jun,2018
6/5/2018,3,PA-2,P,no3,0.11,37,Jun,2018
6/5/2018,3,PA-3,P,no3,1.37,38,Jun,2018
6/5/2018,3,PA-4,P,no3,1.69,39,Jun,2018
6/5/2018,4,CV-1,C,no3,NA,45,Jun,2018
6/5/2018,4,CV-2,C,no3,0.15,46,Jun,2018
6/5/2018,4,CV-3,C,no3,6.19,47,Jun,2018
6/5/2018,4,CV-4,C,no3,25.15,48,Jun,2018
6/5/2018,4,PA-1,P,no3,11.13,49,Jun,2018
6/5/2018,4,PA-2,P,no3,NA,50,Jun,2018
6/5/2018,4,PA-3,P,no3,8.52,51,Jun,2018
6/5/2018,4,PA-4,P,no3,7.06,52,Jun,2018
5/22/2018,1,CV-1,C,nh4,1.22,6,May,2018
5/22/2018,1,CV-2,C,nh4,1.19,7,May,2018
5/22/2018,1,CV-3,C,nh4,1.21,8,May,2018
5/22/2018,1,CV-4,C,nh4,2.62,9,May,2018
5/22/2018,1,PA-1,P,nh4,NA,10,May,2018
5/22/2018,1,PA-2,P,nh4,0.68,11,May,2018
5/22/2018,1,PA-3,P,nh4,NA,12,May,2018
5/22/2018,1,PA-4,P,nh4,1.25,13,May,2018
5/22/2018,2,CV-1,C,nh4,1.85,19,May,2018
5/22/2018,2,CV-2,C,nh4,1.79,20,May,2018
5/22/2018,2,CV-3,C,nh4,1.45,21,May,2018
5/22/2018,2,CV-4,C,nh4,1.85,22,May,2018
5/22/2018,2,PA-1,P,nh4,1.56,23,May,2018
5/22/2018,2,PA-2,P,nh4,NA,24,May,2018
5/22/2018,2,PA-3,P,nh4,1.46,25,May,2018
5/22/2018,2,PA-4,P,nh4,1.42,26,May,2018
5/22/2018,3,CV-1,C,nh4,1.25,32,May,2018
5/22/2018,3,CV-2,C,nh4,1.37,33,May,2018
5/22/2018,3,CV-3,C,nh4,1.32,34,May,2018
5/22/2018,3,CV-4,C,nh4,1.28,35,May,2018
5/22/2018,3,PA-1,P,nh4,1.08,36,May,2018
5/22/2018,3,PA-2,P,nh4,0.95,37,May,2018
5/22/2018,3,PA-3,P,nh4,0.99,38,May,2018
5/22/2018,3,PA-4,P,nh4,1.04,39,May,2018
5/22/2018,4,CV-1,C,nh4,0.56,45,May,2018
5/22/2018,4,CV-2,C,nh4,0.52,46,May,2018
5/22/2018,4,CV-3,C,nh4,NA,47,May,2018
5/22/2018,4,CV-4,C,nh4,0.59,48,May,2018
5/22/2018,4,PA-1,P,nh4,0.85,49,May,2018
5/22/2018,4,PA-2,P,nh4,0.89,50,May,2018
5/22/2018,4,PA-3,P,nh4,0.92,51,May,2018
5/22/2018,4,PA-4,P,nh4,0.82,52,May,2018
5/22/2018,1,CV-1,C,no3,0.07,6,May,2018
5/22/2018,1,CV-2,C,no3,0.09,7,May,2018
5/22/2018,1,CV-3,C,no3,0.14,8,May,2018
5/22/2018,1,CV-4,C,no3,0.06,9,May,2018
5/22/2018,1,PA-1,P,no3,NA,10,May,2018
5/22/2018,1,PA-2,P,no3,0.81,11,May,2018
5/22/2018,1,PA-3,P,no3,NA,12,May,2018
5/22/2018,1,PA-4,P,no3,0,13,May,2018
5/22/2018,2,CV-1,C,no3,1.79,19,May,2018
5/22/2018,2,CV-2,C,no3,0,20,May,2018
5/22/2018,2,CV-3,C,no3,5.31,21,May,2018
5/22/2018,2,CV-4,C,no3,0.38,22,May,2018
5/22/2018,2,PA-1,P,no3,0,23,May,2018
5/22/2018,2,PA-2,P,no3,NA,24,May,2018
5/22/2018,2,PA-3,P,no3,0.04,25,May,2018
5/22/2018,2,PA-4,P,no3,0.24,26,May,2018
5/22/2018,3,CV-1,C,no3,2.59,32,May,2018
5/22/2018,3,CV-2,C,no3,15.04,33,May,2018
5/22/2018,3,CV-3,C,no3,0.9,34,May,2018
5/22/2018,3,CV-4,C,no3,NA,35,May,2018
5/22/2018,3,PA-1,P,no3,0.03,36,May,2018
5/22/2018,3,PA-2,P,no3,0.13,37,May,2018
5/22/2018,3,PA-3,P,no3,0.53,38,May,2018
5/22/2018,3,PA-4,P,no3,2.78,39,May,2018
5/22/2018,4,CV-1,C,no3,0.18,45,May,2018
5/22/2018,4,CV-2,C,no3,0.49,46,May,2018
5/22/2018,4,CV-3,C,no3,NA,47,May,2018
5/22/2018,4,CV-4,C,no3,23.66,48,May,2018
5/22/2018,4,PA-1,P,no3,15.34,49,May,2018
5/22/2018,4,PA-2,P,no3,2.45,50,May,2018
5/22/2018,4,PA-3,P,no3,7.83,51,May,2018
5/22/2018,4,PA-4,P,no3,9.17,52,May,2018
5/8/2018,1,CV-1,C,nh4,0.07,6,May,2018
5/8/2018,1,CV-2,C,nh4,NA,7,May,2018
5/8/2018,1,CV-3,C,nh4,NA,8,May,2018
5/8/2018,1,CV-4,C,nh4,NA,9,May,2018
5/8/2018,1,PA-1,P,nh4,3.23,10,May,2018
5/8/2018,1,PA-2,P,nh4,3.58,11,May,2018
5/8/2018,1,PA-3,P,nh4,1.5,12,May,2018
5/8/2018,1,PA-4,P,nh4,1.25,13,May,2018
5/8/2018,2,CV-1,C,nh4,1.54,19,May,2018
5/8/2018,2,CV-2,C,nh4,1.51,20,May,2018
5/8/2018,2,CV-3,C,nh4,NA,21,May,2018
5/8/2018,2,CV-4,C,nh4,1.29,22,May,2018
5/8/2018,2,PA-1,P,nh4,1.58,23,May,2018
5/8/2018,2,PA-2,P,nh4,1.47,24,May,2018
5/8/2018,2,PA-3,P,nh4,2.24,25,May,2018
5/8/2018,2,PA-4,P,nh4,1.97,26,May,2018
5/8/2018,3,CV-1,C,nh4,1.09,32,May,2018
5/8/2018,3,CV-2,C,nh4,1.19,33,May,2018
5/8/2018,3,CV-3,C,nh4,0.88,34,May,2018
5/8/2018,3,CV-4,C,nh4,1.07,35,May,2018
5/8/2018,3,PA-1,P,nh4,1.73,36,May,2018
5/8/2018,3,PA-2,P,nh4,1.56,37,May,2018
5/8/2018,3,PA-3,P,nh4,1.56,38,May,2018
5/8/2018,3,PA-4,P,nh4,1.42,39,May,2018
5/8/2018,4,CV-1,C,nh4,1.17,45,May,2018
5/8/2018,4,CV-2,C,nh4,1.08,46,May,2018
5/8/2018,4,CV-3,C,nh4,1.14,47,May,2018
5/8/2018,4,CV-4,C,nh4,0.86,48,May,2018
5/8/2018,4,PA-1,P,nh4,1.71,49,May,2018
5/8/2018,4,PA-2,P,nh4,1.92,50,May,2018
5/8/2018,4,PA-3,P,nh4,2.02,51,May,2018
5/8/2018,4,PA-4,P,nh4,1.49,52,May,2018
5/8/2018,1,CV-1,C,no3,0.23,6,May,2018
5/8/2018,1,CV-2,C,no3,0.12,7,May,2018
5/8/2018,1,CV-3,C,no3,0.32,8,May,2018
5/8/2018,1,CV-4,C,no3,0,9,May,2018
5/8/2018,1,PA-1,P,no3,0,10,May,2018
5/8/2018,1,PA-2,P,no3,0.49,11,May,2018
5/8/2018,1,PA-3,P,no3,0,12,May,2018
5/8/2018,1,PA-4,P,no3,0,13,May,2018
5/8/2018,2,CV-1,C,no3,2.49,19,May,2018
5/8/2018,2,CV-2,C,no3,0,20,May,2018
5/8/2018,2,CV-3,C,no3,NA,21,May,2018
5/8/2018,2,CV-4,C,no3,0.57,22,May,2018
5/8/2018,2,PA-1,P,no3,0,23,May,2018
5/8/2018,2,PA-2,P,no3,1.36,24,May,2018
5/8/2018,2,PA-3,P,no3,0.04,25,May,2018
5/8/2018,2,PA-4,P,no3,0.49,26,May,2018
5/8/2018,3,CV-1,C,no3,2.61,32,May,2018
5/8/2018,3,CV-2,C,no3,16.45,33,May,2018
5/8/2018,3,CV-3,C,no3,2.13,34,May,2018
5/8/2018,3,CV-4,C,no3,36.98,35,May,2018
5/8/2018,3,PA-1,P,no3,0.15,36,May,2018
5/8/2018,3,PA-2,P,no3,2.23,37,May,2018
5/8/2018,3,PA-3,P,no3,0.96,38,May,2018
5/8/2018,3,PA-4,P,no3,4.37,39,May,2018
5/8/2018,4,CV-1,C,no3,NA,45,May,2018
5/8/2018,4,CV-2,C,no3,1.24,46,May,2018
5/8/2018,4,CV-3,C,no3,6.62,47,May,2018
5/8/2018,4,CV-4,C,no3,19.66,48,May,2018
5/8/2018,4,PA-1,P,no3,21.63,49,May,2018
5/8/2018,4,PA-2,P,no3,5.03,50,May,2018
5/8/2018,4,PA-3,P,no3,6.15,51,May,2018
5/8/2018,4,PA-4,P,no3,NA,52,May,2018
4/24/2018,1,CV-1,C,nh4,0.16,6,Apr,2018
4/24/2018,1,CV-2,C,nh4,NA,7,Apr,2018
4/24/2018,1,CV-3,C,nh4,0.1,8,Apr,2018
4/24/2018,1,CV-4,C,nh4,0.13,9,Apr,2018
4/24/2018,1,PA-1,P,nh4,0.21,10,Apr,2018
4/24/2018,1,PA-2,P,nh4,0.3,11,Apr,2018
4/24/2018,1,PA-3,P,nh4,0.32,12,Apr,2018
4/24/2018,1,PA-4,P,nh4,0.37,13,Apr,2018
4/24/2018,2,CV-1,C,nh4,0.18,19,Apr,2018
4/24/2018,2,CV-2,C,nh4,0.21,20,Apr,2018
4/24/2018,2,CV-3,C,nh4,NA,21,Apr,2018
4/24/2018,2,CV-4,C,nh4,0.29,22,Apr,2018
4/24/2018,2,PA-1,P,nh4,0.28,23,Apr,2018
4/24/2018,2,PA-2,P,nh4,0.3,24,Apr,2018
4/24/2018,2,PA-3,P,nh4,0.26,25,Apr,2018
4/24/2018,2,PA-4,P,nh4,0.24,26,Apr,2018
4/24/2018,3,CV-1,C,nh4,0.31,32,Apr,2018
4/24/2018,3,CV-2,C,nh4,0.04,33,Apr,2018
4/24/2018,3,CV-3,C,nh4,0.06,34,Apr,2018
4/24/2018,3,CV-4,C,nh4,0.08,35,Apr,2018
4/24/2018,3,PA-1,P,nh4,0.18,36,Apr,2018
4/24/2018,3,PA-2,P,nh4,0.24,37,Apr,2018
4/24/2018,3,PA-3,P,nh4,0.25,38,Apr,2018
4/24/2018,3,PA-4,P,nh4,0.26,39,Apr,2018
4/24/2018,4,CV-1,C,nh4,NA,45,Apr,2018
4/24/2018,4,CV-2,C,nh4,0.12,46,Apr,2018
4/24/2018,4,CV-3,C,nh4,0.08,47,Apr,2018
4/24/2018,4,CV-4,C,nh4,NA,48,Apr,2018
4/24/2018,4,PA-1,P,nh4,0.11,49,Apr,2018
4/24/2018,4,PA-2,P,nh4,0.17,50,Apr,2018
4/24/2018,4,PA-3,P,nh4,0.16,51,Apr,2018
4/24/2018,4,PA-4,P,nh4,0.19,52,Apr,2018
4/24/2018,1,CV-1,C,no3,0.41,6,Apr,2018
4/24/2018,1,CV-2,C,no3,NA,7,Apr,2018
4/24/2018,1,CV-3,C,no3,0.36,8,Apr,2018
4/24/2018,1,CV-4,C,no3,0.04,9,Apr,2018
4/24/2018,1,PA-1,P,no3,0.01,10,Apr,2018
4/24/2018,1,PA-2,P,no3,-0.01,11,Apr,2018
4/24/2018,1,PA-3,P,no3,-0.01,12,Apr,2018
4/24/2018,1,PA-4,P,no3,0,13,Apr,2018
4/24/2018,2,CV-1,C,no3,1.54,19,Apr,2018
4/24/2018,2,CV-2,C,no3,0.21,20,Apr,2018
4/24/2018,2,CV-3,C,no3,NA,21,Apr,2018
4/24/2018,2,CV-4,C,no3,0.63,22,Apr,2018
4/24/2018,2,PA-1,P,no3,0,23,Apr,2018
4/24/2018,2,PA-2,P,no3,1.12,24,Apr,2018
4/24/2018,2,PA-3,P,no3,0.05,25,Apr,2018
4/24/2018,2,PA-4,P,no3,0.77,26,Apr,2018
4/24/2018,3,CV-1,C,no3,2.16,32,Apr,2018
4/24/2018,3,CV-2,C,no3,16.67,33,Apr,2018
4/24/2018,3,CV-3,C,no3,1.36,34,Apr,2018
4/24/2018,3,CV-4,C,no3,6.44,35,Apr,2018
4/24/2018,3,PA-1,P,no3,0.68,36,Apr,2018
4/24/2018,3,PA-2,P,no3,2.17,37,Apr,2018
4/24/2018,3,PA-3,P,no3,1.79,38,Apr,2018
4/24/2018,3,PA-4,P,no3,2.22,39,Apr,2018
4/24/2018,4,CV-1,C,no3,NA,45,Apr,2018
4/24/2018,4,CV-2,C,no3,2.49,46,Apr,2018
4/24/2018,4,CV-3,C,no3,6.42,47,Apr,2018
4/24/2018,4,CV-4,C,no3,NA,48,Apr,2018
4/24/2018,4,PA-1,P,no3,28.91,49,Apr,2018
4/24/2018,4,PA-2,P,no3,4.69,50,Apr,2018
4/24/2018,4,PA-3,P,no3,2.68,51,Apr,2018
4/24/2018,4,PA-4,P,no3,14.4,52,Apr,2018
4/10/2018,1,CV-1,C,nh4,0.52,6,Apr,2018
4/10/2018,1,CV-2,C,nh4,0.3,7,Apr,2018
4/10/2018,1,CV-3,C,nh4,0.38,8,Apr,2018
4/10/2018,1,CV-4,C,nh4,NA,9,Apr,2018
4/10/2018,1,PA-1,P,nh4,NA,10,Apr,2018
4/10/2018,1,PA-2,P,nh4,0.5,11,Apr,2018
4/10/2018,1,PA-3,P,nh4,NA,12,Apr,2018
4/10/2018,1,PA-4,P,nh4,0.12,13,Apr,2018
4/10/2018,2,CV-1,C,nh4,0.19,19,Apr,2018
4/10/2018,2,CV-2,C,nh4,0.21,20,Apr,2018
4/10/2018,2,CV-3,C,nh4,NA,21,Apr,2018
4/10/2018,2,CV-4,C,nh4,0.21,22,Apr,2018
4/10/2018,2,PA-1,P,nh4,0.32,23,Apr,2018
4/10/2018,2,PA-2,P,nh4,0.33,24,Apr,2018
4/10/2018,2,PA-3,P,nh4,0.12,25,Apr,2018
4/10/2018,2,PA-4,P,nh4,0.18,26,Apr,2018
4/10/2018,3,CV-1,C,nh4,0.32,32,Apr,2018
4/10/2018,3,CV-2,C,nh4,0.32,33,Apr,2018
4/10/2018,3,CV-3,C,nh4,0.36,34,Apr,2018
4/10/2018,3,CV-4,C,nh4,0.43,35,Apr,2018
4/10/2018,3,PA-1,P,nh4,0.11,36,Apr,2018
4/10/2018,3,PA-2,P,nh4,0.1,37,Apr,2018
4/10/2018,3,PA-3,P,nh4,0.07,38,Apr,2018
4/10/2018,3,PA-4,P,nh4,0.11,39,Apr,2018
4/10/2018,4,CV-1,C,nh4,NA,45,Apr,2018
4/10/2018,4,CV-2,C,nh4,0.24,46,Apr,2018
4/10/2018,4,CV-3,C,nh4,0.24,47,Apr,2018
4/10/2018,4,CV-4,C,nh4,0.25,48,Apr,2018
4/10/2018,4,PA-1,P,nh4,0.37,49,Apr,2018
4/10/2018,4,PA-2,P,nh4,0.09,50,Apr,2018
4/10/2018,4,PA-3,P,nh4,0.09,51,Apr,2018
4/10/2018,4,PA-4,P,nh4,0.14,52,Apr,2018
4/10/2018,1,CV-1,C,no3,0.62,6,Apr,2018
4/10/2018,1,CV-2,C,no3,0.23,7,Apr,2018
4/10/2018,1,CV-3,C,no3,0.71,8,Apr,2018
4/10/2018,1,CV-4,C,no3,NA,9,Apr,2018
4/10/2018,1,PA-1,P,no3,NA,10,Apr,2018
4/10/2018,1,PA-2,P,no3,0,11,Apr,2018
4/10/2018,1,PA-3,P,no3,NA,12,Apr,2018
4/10/2018,1,PA-4,P,no3,0.02,13,Apr,2018
4/10/2018,2,CV-1,C,no3,2.79,19,Apr,2018
4/10/2018,2,CV-2,C,no3,1.02,20,Apr,2018
4/10/2018,2,CV-3,C,no3,NA,21,Apr,2018
4/10/2018,2,CV-4,C,no3,1.01,22,Apr,2018
4/10/2018,2,PA-1,P,no3,0.11,23,Apr,2018
4/10/2018,2,PA-2,P,no3,3.9,24,Apr,2018
4/10/2018,2,PA-3,P,no3,0.07,25,Apr,2018
4/10/2018,2,PA-4,P,no3,1.78,26,Apr,2018
4/10/2018,3,CV-1,C,no3,2.62,32,Apr,2018
4/10/2018,3,CV-2,C,no3,12.91,33,Apr,2018
4/10/2018,3,CV-3,C,no3,1.54,34,Apr,2018
4/10/2018,3,CV-4,C,no3,27.82,35,Apr,2018
4/10/2018,3,PA-1,P,no3,1.11,36,Apr,2018
4/10/2018,3,PA-2,P,no3,9.73,37,Apr,2018
4/10/2018,3,PA-3,P,no3,2.06,38,Apr,2018
4/10/2018,3,PA-4,P,no3,0.72,39,Apr,2018
4/10/2018,4,CV-1,C,no3,NA,45,Apr,2018
4/10/2018,4,CV-2,C,no3,1.44,46,Apr,2018
4/10/2018,4,CV-3,C,no3,3.04,47,Apr,2018
4/10/2018,4,CV-4,C,no3,13.12,48,Apr,2018
4/10/2018,4,PA-1,P,no3,28.3,49,Apr,2018
4/10/2018,4,PA-2,P,no3,6.27,50,Apr,2018
4/10/2018,4,PA-3,P,no3,2.07,51,Apr,2018
4/10/2018,4,PA-4,P,no3,16.82,52,Apr,2018
3/27/2018,1,CV-1,C,nh4,1.94,6,Mar,2018
3/27/2018,1,CV-2,C,nh4,1.34,7,Mar,2018
3/27/2018,1,CV-3,C,nh4,NA,8,Mar,2018
3/27/2018,1,CV-4,C,nh4,NA,9,Mar,2018
3/27/2018,1,PA-1,P,nh4,2.38,10,Mar,2018
3/27/2018,1,PA-2,P,nh4,2.51,11,Mar,2018
3/27/2018,1,PA-3,P,nh4,NA,12,Mar,2018
3/27/2018,1,PA-4,P,nh4,NA,13,Mar,2018
3/27/2018,2,CV-1,C,nh4,1.18,19,Mar,2018
3/27/2018,2,CV-2,C,nh4,1.21,20,Mar,2018
3/27/2018,2,CV-3,C,nh4,1.57,21,Mar,2018
3/27/2018,2,CV-4,C,nh4,1.48,22,Mar,2018
3/27/2018,2,PA-1,P,nh4,3.5,23,Mar,2018
3/27/2018,2,PA-2,P,nh4,4.84,24,Mar,2018
3/27/2018,2,PA-3,P,nh4,2.6,25,Mar,2018
3/27/2018,2,PA-4,P,nh4,2.93,26,Mar,2018
3/27/2018,3,CV-1,C,nh4,1.6,32,Mar,2018
3/27/2018,3,CV-2,C,nh4,0.75,33,Mar,2018
3/27/2018,3,CV-3,C,nh4,1.17,34,Mar,2018
3/27/2018,3,CV-4,C,nh4,1.52,35,Mar,2018
3/27/2018,3,PA-1,P,nh4,2.76,36,Mar,2018
3/27/2018,3,PA-2,P,nh4,1.52,37,Mar,2018
3/27/2018,3,PA-3,P,nh4,1.36,38,Mar,2018
3/27/2018,3,PA-4,P,nh4,1.18,39,Mar,2018
3/27/2018,4,CV-1,C,nh4,NA,45,Mar,2018
3/27/2018,4,CV-2,C,nh4,1.82,46,Mar,2018
3/27/2018,4,CV-3,C,nh4,1.56,47,Mar,2018
3/27/2018,4,CV-4,C,nh4,1.46,48,Mar,2018
3/27/2018,4,PA-1,P,nh4,2.08,49,Mar,2018
3/27/2018,4,PA-2,P,nh4,1.87,50,Mar,2018
3/27/2018,4,PA-3,P,nh4,1.58,51,Mar,2018
3/27/2018,4,PA-4,P,nh4,2.75,52,Mar,2018
3/27/2018,1,CV-1,C,no3,1.3,6,Mar,2018
3/27/2018,1,CV-2,C,no3,0.49,7,Mar,2018
3/27/2018,1,CV-3,C,no3,NA,8,Mar,2018
3/27/2018,1,CV-4,C,no3,NA,9,Mar,2018
3/27/2018,1,PA-1,P,no3,0.15,10,Mar,2018
3/27/2018,1,PA-2,P,no3,0.08,11,Mar,2018
3/27/2018,1,PA-3,P,no3,NA,12,Mar,2018
3/27/2018,1,PA-4,P,no3,NA,13,Mar,2018
3/27/2018,2,CV-1,C,no3,3.44,19,Mar,2018
3/27/2018,2,CV-2,C,no3,1.9,20,Mar,2018
3/27/2018,2,CV-3,C,no3,8.26,21,Mar,2018
3/27/2018,2,CV-4,C,no3,0.91,22,Mar,2018
3/27/2018,2,PA-1,P,no3,1.54,23,Mar,2018
3/27/2018,2,PA-2,P,no3,9.32,24,Mar,2018
3/27/2018,2,PA-3,P,no3,0.15,25,Mar,2018
3/27/2018,2,PA-4,P,no3,2.38,26,Mar,2018
3/27/2018,3,CV-1,C,no3,8.36,32,Mar,2018
3/27/2018,3,CV-2,C,no3,21.38,33,Mar,2018
3/27/2018,3,CV-3,C,no3,1.79,34,Mar,2018
3/27/2018,3,CV-4,C,no3,35.03,35,Mar,2018
3/27/2018,3,PA-1,P,no3,7.19,36,Mar,2018
3/27/2018,3,PA-2,P,no3,24.52,37,Mar,2018
3/27/2018,3,PA-3,P,no3,8.88,38,Mar,2018
3/27/2018,3,PA-4,P,no3,3.02,39,Mar,2018
3/27/2018,4,CV-1,C,no3,NA,45,Mar,2018
3/27/2018,4,CV-2,C,no3,0.59,46,Mar,2018
3/27/2018,4,CV-3,C,no3,4.94,47,Mar,2018
3/27/2018,4,CV-4,C,no3,14.16,48,Mar,2018
3/27/2018,4,PA-1,P,no3,33.46,49,Mar,2018
3/27/2018,4,PA-2,P,no3,12.89,50,Mar,2018
3/27/2018,4,PA-3,P,no3,1.18,51,Mar,2018
3/27/2018,4,PA-4,P,no3,18.41,52,Mar,2018
3/13/2018,1,CV-1,C,nh4,0.04,6,Mar,2018
3/13/2018,1,CV-2,C,nh4,1.33,7,Mar,2018
3/13/2018,1,CV-3,C,nh4,NA,8,Mar,2018
3/13/2018,1,CV-4,C,nh4,NA,9,Mar,2018
3/13/2018,1,PA-1,P,nh4,NA,10,Mar,2018
3/13/2018,1,PA-2,P,nh4,0.08,11,Mar,2018
3/13/2018,1,PA-3,P,nh4,0.07,12,Mar,2018
3/13/2018,1,PA-4,P,nh4,0.61,13,Mar,2018
3/13/2018,2,CV-1,C,nh4,0.16,19,Mar,2018
3/13/2018,2,CV-2,C,nh4,NA,20,Mar,2018
3/13/2018,2,CV-3,C,nh4,0.43,21,Mar,2018
3/13/2018,2,CV-4,C,nh4,0.15,22,Mar,2018
3/13/2018,2,PA-1,P,nh4,0.02,23,Mar,2018
3/13/2018,2,PA-2,P,nh4,0.01,24,Mar,2018
3/13/2018,2,PA-3,P,nh4,0,25,Mar,2018
3/13/2018,2,PA-4,P,nh4,0.07,26,Mar,2018
3/13/2018,3,CV-1,C,nh4,0.04,32,Mar,2018
3/13/2018,3,CV-2,C,nh4,0.2,33,Mar,2018
3/13/2018,3,CV-3,C,nh4,0.1,34,Mar,2018
3/13/2018,3,CV-4,C,nh4,NA,35,Mar,2018
3/13/2018,3,PA-1,P,nh4,0.06,36,Mar,2018
3/13/2018,3,PA-2,P,nh4,0.06,37,Mar,2018
3/13/2018,3,PA-3,P,nh4,0.1,38,Mar,2018
3/13/2018,3,PA-4,P,nh4,NA,39,Mar,2018
3/13/2018,4,CV-1,C,nh4,NA,45,Mar,2018
3/13/2018,4,CV-2,C,nh4,0.04,46,Mar,2018
3/13/2018,4,CV-3,C,nh4,0.03,47,Mar,2018
3/13/2018,4,CV-4,C,nh4,0.09,48,Mar,2018
3/13/2018,4,PA-1,P,nh4,0.06,49,Mar,2018
3/13/2018,4,PA-2,P,nh4,NA,50,Mar,2018
3/13/2018,4,PA-3,P,nh4,0.27,51,Mar,2018
3/13/2018,4,PA-4,P,nh4,NA,52,Mar,2018
3/13/2018,1,CV-1,C,no3,2.07,6,Mar,2018
3/13/2018,1,CV-2,C,no3,0.32,7,Mar,2018
3/13/2018,1,CV-3,C,no3,NA,8,Mar,2018
3/13/2018,1,CV-4,C,no3,NA,9,Mar,2018
3/13/2018,1,PA-1,P,no3,NA,10,Mar,2018
3/13/2018,1,PA-2,P,no3,0.14,11,Mar,2018
3/13/2018,1,PA-3,P,no3,0.17,12,Mar,2018
3/13/2018,1,PA-4,P,no3,0.43,13,Mar,2018
3/13/2018,2,CV-1,C,no3,4.1,19,Mar,2018
3/13/2018,2,CV-2,C,no3,NA,20,Mar,2018
3/13/2018,2,CV-3,C,no3,7.57,21,Mar,2018
3/13/2018,2,CV-4,C,no3,0.64,22,Mar,2018
3/13/2018,2,PA-1,P,no3,0.18,23,Mar,2018
3/13/2018,2,PA-2,P,no3,12.88,24,Mar,2018
3/13/2018,2,PA-3,P,no3,0.16,25,Mar,2018
3/13/2018,2,PA-4,P,no3,1.98,26,Mar,2018
3/13/2018,3,CV-1,C,no3,13.79,32,Mar,2018
3/13/2018,3,CV-2,C,no3,24.74,33,Mar,2018
3/13/2018,3,CV-3,C,no3,1.52,34,Mar,2018
3/13/2018,3,CV-4,C,no3,NA,35,Mar,2018
3/13/2018,3,PA-1,P,no3,12.01,36,Mar,2018
3/13/2018,3,PA-2,P,no3,31.45,37,Mar,2018
3/13/2018,3,PA-3,P,no3,16.19,38,Mar,2018
3/13/2018,3,PA-4,P,no3,NA,39,Mar,2018
3/13/2018,4,CV-1,C,no3,NA,45,Mar,2018
3/13/2018,4,CV-2,C,no3,0.62,46,Mar,2018
3/13/2018,4,CV-3,C,no3,7.43,47,Mar,2018
3/13/2018,4,CV-4,C,no3,17.08,48,Mar,2018
3/13/2018,4,PA-1,P,no3,26.96,49,Mar,2018
3/13/2018,4,PA-2,P,no3,NA,50,Mar,2018
3/13/2018,4,PA-3,P,no3,0.97,51,Mar,2018
3/13/2018,4,PA-4,P,no3,NA,52,Mar,2018
7/3/2018,1,CV-1,C,nh4,NA,6,Jul,2018
7/3/2018,1,CV-2,C,nh4,NA,7,Jul,2018
7/3/2018,1,CV-3,C,nh4,NA,8,Jul,2018
7/3/2018,1,CV-4,C,nh4,0.62,9,Jul,2018
7/3/2018,1,PA-1,P,nh4,NA,10,Jul,2018
7/3/2018,1,PA-2,P,nh4,NA,11,Jul,2018
7/3/2018,1,PA-3,P,nh4,NA,12,Jul,2018
7/3/2018,1,PA-4,P,nh4,NA,13,Jul,2018
7/3/2018,2,CV-1,C,nh4,NA,19,Jul,2018
7/3/2018,2,CV-2,C,nh4,NA,20,Jul,2018
7/3/2018,2,CV-3,C,nh4,NA,21,Jul,2018
7/3/2018,2,CV-4,C,nh4,NA,22,Jul,2018
7/3/2018,2,PA-1,P,nh4,NA,23,Jul,2018
7/3/2018,2,PA-2,P,nh4,NA,24,Jul,2018
7/3/2018,2,PA-3,P,nh4,NA,25,Jul,2018
7/3/2018,2,PA-4,P,nh4,NA,26,Jul,2018
7/3/2018,3,CV-1,C,nh4,0.51,32,Jul,2018
7/3/2018,3,CV-2,C,nh4,0.57,33,Jul,2018
7/3/2018,3,CV-3,C,nh4,0.76,34,Jul,2018
7/3/2018,3,CV-4,C,nh4,0.28,35,Jul,2018
7/3/2018,3,PA-1,P,nh4,0.3,36,Jul,2018
7/3/2018,3,PA-2,P,nh4,NA,37,Jul,2018
7/3/2018,3,PA-3,P,nh4,NA,38,Jul,2018
7/3/2018,3,PA-4,P,nh4,NA,39,Jul,2018
7/3/2018,4,CV-1,C,nh4,NA,45,Jul,2018
7/3/2018,4,CV-2,C,nh4,0.45,46,Jul,2018
7/3/2018,4,CV-3,C,nh4,0.68,47,Jul,2018
7/3/2018,4,CV-4,C,nh4,0.33,48,Jul,2018
7/3/2018,4,PA-1,P,nh4,0.21,49,Jul,2018
7/3/2018,4,PA-2,P,nh4,NA,50,Jul,2018
7/3/2018,4,PA-3,P,nh4,0.18,51,Jul,2018
7/3/2018,4,PA-4,P,nh4,NA,52,Jul,2018
7/3/2018,1,CV-1,C,no3,NA,6,Jul,2018
7/3/2018,1,CV-2,C,no3,NA,7,Jul,2018
7/3/2018,1,CV-3,C,no3,NA,8,Jul,2018
7/3/2018,1,CV-4,C,no3,0.55,9,Jul,2018
7/3/2018,1,PA-1,P,no3,NA,10,Jul,2018
7/3/2018,1,PA-2,P,no3,NA,11,Jul,2018
7/3/2018,1,PA-3,P,no3,NA,12,Jul,2018
7/3/2018,1,PA-4,P,no3,NA,13,Jul,2018
7/3/2018,2,CV-1,C,no3,NA,19,Jul,2018
7/3/2018,2,CV-2,C,no3,NA,20,Jul,2018
7/3/2018,2,CV-3,C,no3,NA,21,Jul,2018
7/3/2018,2,CV-4,C,no3,NA,22,Jul,2018
7/3/2018,2,PA-1,P,no3,NA,23,Jul,2018
7/3/2018,2,PA-2,P,no3,NA,24,Jul,2018
7/3/2018,2,PA-3,P,no3,NA,25,Jul,2018
7/3/2018,2,PA-4,P,no3,NA,26,Jul,2018
7/3/2018,3,CV-1,C,no3,1.3,32,Jul,2018
7/3/2018,3,CV-2,C,no3,1.71,33,Jul,2018
7/3/2018,3,CV-3,C,no3,0,34,Jul,2018
7/3/2018,3,CV-4,C,no3,34.55,35,Jul,2018
7/3/2018,3,PA-1,P,no3,0.25,36,Jul,2018
7/3/2018,3,PA-2,P,no3,NA,37,Jul,2018
7/3/2018,3,PA-3,P,no3,NA,38,Jul,2018
7/3/2018,3,PA-4,P,no3,NA,39,Jul,2018
7/3/2018,4,CV-1,C,no3,NA,45,Jul,2018
7/3/2018,4,CV-2,C,no3,0,46,Jul,2018
7/3/2018,4,CV-3,C,no3,3.28,47,Jul,2018
7/3/2018,4,CV-4,C,no3,17.4,48,Jul,2018
7/3/2018,4,PA-1,P,no3,0.43,49,Jul,2018
7/3/2018,4,PA-2,P,no3,NA,50,Jul,2018
7/3/2018,4,PA-3,P,no3,4.84,51,Jul,2018
7/3/2018,4,PA-4,P,no3,NA,52,Jul,2018
1/3/2019,1,CV-1,C,nh4,1.35,6,Jan,2019
1/3/2019,1,CV-2,C,nh4,1.11,7,Jan,2019
1/3/2019,1,CV-3,C,nh4,NA,8,Jan,2019
1/3/2019,1,CV-4,C,nh4,2.94,9,Jan,2019
1/3/2019,1,PA-1,P,nh4,NA,10,Jan,2019
1/3/2019,1,PA-2,P,nh4,1.29,11,Jan,2019
1/3/2019,1,PA-3,P,nh4,NA,12,Jan,2019
1/3/2019,1,PA-4,P,nh4,1.09,13,Jan,2019
1/3/2019,2,CV-1,C,nh4,0.38,19,Jan,2019
1/3/2019,2,CV-2,C,nh4,0.4,20,Jan,2019
1/3/2019,2,CV-3,C,nh4,0.44,21,Jan,2019
1/3/2019,2,CV-4,C,nh4,0.33,22,Jan,2019
1/3/2019,2,PA-1,P,nh4,0.52,23,Jan,2019
1/3/2019,2,PA-2,P,nh4,0.42,24,Jan,2019
1/3/2019,2,PA-3,P,nh4,0.72,25,Jan,2019
1/3/2019,2,PA-4,P,nh4,NA,26,Jan,2019
1/3/2019,3,CV-1,C,nh4,0.5,32,Jan,2019
1/3/2019,3,CV-2,C,nh4,0.62,33,Jan,2019
1/3/2019,3,CV-3,C,nh4,0.57,34,Jan,2019
1/3/2019,3,CV-4,C,nh4,0.59,35,Jan,2019
1/3/2019,3,PA-1,P,nh4,0.9,36,Jan,2019
1/3/2019,3,PA-2,P,nh4,0.38,37,Jan,2019
1/3/2019,3,PA-3,P,nh4,0.39,38,Jan,2019
1/3/2019,3,PA-4,P,nh4,0.6,39,Jan,2019
1/3/2019,4,CV-1,C,nh4,0.36,45,Jan,2019
1/3/2019,4,CV-2,C,nh4,0.98,46,Jan,2019
1/3/2019,4,CV-3,C,nh4,NA,47,Jan,2019
1/3/2019,4,CV-4,C,nh4,0.22,48,Jan,2019
1/3/2019,4,PA-1,P,nh4,0.22,49,Jan,2019
1/3/2019,4,PA-2,P,nh4,1.23,50,Jan,2019
1/3/2019,4,PA-3,P,nh4,0.68,51,Jan,2019
1/3/2019,4,PA-4,P,nh4,0.69,52,Jan,2019
1/3/2019,1,CV-1,C,no3,39.76,6,Jan,2019
1/3/2019,1,CV-2,C,no3,20.53,7,Jan,2019
1/3/2019,1,CV-3,C,no3,NA,8,Jan,2019
1/3/2019,1,CV-4,C,no3,33.37,9,Jan,2019
1/3/2019,1,PA-1,P,no3,NA,10,Jan,2019
1/3/2019,1,PA-2,P,no3,70.23,11,Jan,2019
1/3/2019,1,PA-3,P,no3,NA,12,Jan,2019
1/3/2019,1,PA-4,P,no3,21.52,13,Jan,2019
1/3/2019,2,CV-1,C,no3,17.6,19,Jan,2019
1/3/2019,2,CV-2,C,no3,1,20,Jan,2019
1/3/2019,2,CV-3,C,no3,15.3,21,Jan,2019
1/3/2019,2,CV-4,C,no3,18.56,22,Jan,2019
1/3/2019,2,PA-1,P,no3,0.14,23,Jan,2019
1/3/2019,2,PA-2,P,no3,11.22,24,Jan,2019
1/3/2019,2,PA-3,P,no3,1.17,25,Jan,2019
1/3/2019,2,PA-4,P,no3,NA,26,Jan,2019
1/3/2019,3,CV-1,C,no3,7.02,32,Jan,2019
1/3/2019,3,CV-2,C,no3,1.71,33,Jan,2019
1/3/2019,3,CV-3,C,no3,0.4,34,Jan,2019
1/3/2019,3,CV-4,C,no3,77.82,35,Jan,2019
1/3/2019,3,PA-1,P,no3,0.04,36,Jan,2019
1/3/2019,3,PA-2,P,no3,10.53,37,Jan,2019
1/3/2019,3,PA-3,P,no3,59.05,38,Jan,2019
1/3/2019,3,PA-4,P,no3,4.16,39,Jan,2019
1/3/2019,4,CV-1,C,no3,0.07,45,Jan,2019
1/3/2019,4,CV-2,C,no3,0.09,46,Jan,2019
1/3/2019,4,CV-3,C,no3,NA,47,Jan,2019
1/3/2019,4,CV-4,C,no3,7.06,48,Jan,2019
1/3/2019,4,PA-1,P,no3,15.17,49,Jan,2019
1/3/2019,4,PA-2,P,no3,2.13,50,Jan,2019
1/3/2019,4,PA-3,P,no3,0.22,51,Jan,2019
1/3/2019,4,PA-4,P,no3,5.88,52,Jan,2019
1/15/2019,1,CV-1,C,nh4,NA,6,Jan,2019
1/15/2019,1,CV-2,C,nh4,NA,7,Jan,2019
1/15/2019,1,CV-3,C,nh4,NA,8,Jan,2019
1/15/2019,1,CV-4,C,nh4,1.31,9,Jan,2019
1/15/2019,1,PA-1,P,nh4,2.62,10,Jan,2019
1/15/2019,1,PA-2,P,nh4,1.26,11,Jan,2019
1/15/2019,1,PA-3,P,nh4,NA,12,Jan,2019
1/15/2019,1,PA-4,P,nh4,1.26,13,Jan,2019
1/15/2019,2,CV-1,C,nh4,0.78,19,Jan,2019
1/15/2019,2,CV-2,C,nh4,0.46,20,Jan,2019
1/15/2019,2,CV-3,C,nh4,0.34,21,Jan,2019
1/15/2019,2,CV-4,C,nh4,0.43,22,Jan,2019
1/15/2019,2,PA-1,P,nh4,0.51,23,Jan,2019
1/15/2019,2,PA-2,P,nh4,0.31,24,Jan,2019
1/15/2019,2,PA-3,P,nh4,0.72,25,Jan,2019
1/15/2019,2,PA-4,P,nh4,0.82,26,Jan,2019
1/15/2019,3,CV-1,C,nh4,0.49,32,Jan,2019
1/15/2019,3,CV-2,C,nh4,NA,33,Jan,2019
1/15/2019,3,CV-3,C,nh4,0.47,34,Jan,2019
1/15/2019,3,CV-4,C,nh4,0.55,35,Jan,2019
1/15/2019,3,PA-1,P,nh4,0.52,36,Jan,2019
1/15/2019,3,PA-2,P,nh4,0.52,37,Jan,2019
1/15/2019,3,PA-3,P,nh4,0.59,38,Jan,2019
1/15/2019,3,PA-4,P,nh4,0.28,39,Jan,2019
1/15/2019,4,CV-1,C,nh4,1.77,45,Jan,2019
1/15/2019,4,CV-2,C,nh4,1.15,46,Jan,2019
1/15/2019,4,CV-3,C,nh4,NA,47,Jan,2019
1/15/2019,4,CV-4,C,nh4,0.35,48,Jan,2019
1/15/2019,4,PA-1,P,nh4,0.5,49,Jan,2019
1/15/2019,4,PA-2,P,nh4,0.93,50,Jan,2019
1/15/2019,4,PA-3,P,nh4,0.85,51,Jan,2019
1/15/2019,4,PA-4,P,nh4,0.46,52,Jan,2019
1/15/2019,1,CV-1,C,no3,NA,6,Jan,2019
1/15/2019,1,CV-2,C,no3,NA,7,Jan,2019
1/15/2019,1,CV-3,C,no3,NA,8,Jan,2019
1/15/2019,1,CV-4,C,no3,23.33,9,Jan,2019
1/15/2019,1,PA-1,P,no3,3.2,10,Jan,2019
1/15/2019,1,PA-2,P,no3,22.46,11,Jan,2019
1/15/2019,1,PA-3,P,no3,NA,12,Jan,2019
1/15/2019,1,PA-4,P,no3,13.14,13,Jan,2019
1/15/2019,2,CV-1,C,no3,19.06,19,Jan,2019
1/15/2019,2,CV-2,C,no3,0.19,20,Jan,2019
1/15/2019,2,CV-3,C,no3,15.92,21,Jan,2019
1/15/2019,2,CV-4,C,no3,17.78,22,Jan,2019
1/15/2019,2,PA-1,P,no3,0.02,23,Jan,2019
1/15/2019,2,PA-2,P,no3,7.51,24,Jan,2019
1/15/2019,2,PA-3,P,no3,4.62,25,Jan,2019
1/15/2019,2,PA-4,P,no3,4.31,26,Jan,2019
1/15/2019,3,CV-1,C,no3,9.73,32,Jan,2019
1/15/2019,3,CV-2,C,no3,NA,33,Jan,2019
1/15/2019,3,CV-3,C,no3,0.05,34,Jan,2019
1/15/2019,3,CV-4,C,no3,57.71,35,Jan,2019
1/15/2019,3,PA-1,P,no3,0.01,36,Jan,2019
1/15/2019,3,PA-2,P,no3,18.04,37,Jan,2019
1/15/2019,3,PA-3,P,no3,54.75,38,Jan,2019
1/15/2019,3,PA-4,P,no3,7.2,39,Jan,2019
1/15/2019,4,CV-1,C,no3,0.17,45,Jan,2019
1/15/2019,4,CV-2,C,no3,0.03,46,Jan,2019
1/15/2019,4,CV-3,C,no3,NA,47,Jan,2019
1/15/2019,4,CV-4,C,no3,6.13,48,Jan,2019
1/15/2019,4,PA-1,P,no3,12.02,49,Jan,2019
1/15/2019,4,PA-2,P,no3,0.04,50,Jan,2019
1/15/2019,4,PA-3,P,no3,0.05,51,Jan,2019
1/15/2019,4,PA-4,P,no3,6.85,52,Jan,2019
1/29/2019,1,CV-1,C,nh4,NA,6,Jan,2019
1/29/2019,1,CV-2,C,nh4,1.92,7,Jan,2019
1/29/2019,1,CV-3,C,nh4,5.31,8,Jan,2019
1/29/2019,1,CV-4,C,nh4,3.27,9,Jan,2019
1/29/2019,1,PA-1,P,nh4,1.69,10,Jan,2019
1/29/2019,1,PA-2,P,nh4,1.19,11,Jan,2019
1/29/2019,1,PA-3,P,nh4,NA,12,Jan,2019
1/29/2019,1,PA-4,P,nh4,0.61,13,Jan,2019
1/29/2019,2,CV-1,C,nh4,0.34,19,Jan,2019
1/29/2019,2,CV-2,C,nh4,0.46,20,Jan,2019
1/29/2019,2,CV-3,C,nh4,0.59,21,Jan,2019
1/29/2019,2,CV-4,C,nh4,0.26,22,Jan,2019
1/29/2019,2,PA-1,P,nh4,0.62,23,Jan,2019
1/29/2019,2,PA-2,P,nh4,0.57,24,Jan,2019
1/29/2019,2,PA-3,P,nh4,NA,25,Jan,2019
1/29/2019,2,PA-4,P,nh4,0.5,26,Jan,2019
1/29/2019,3,CV-1,C,nh4,0.48,32,Jan,2019
1/29/2019,3,CV-2,C,nh4,0.56,33,Jan,2019
1/29/2019,3,CV-3,C,nh4,NA,34,Jan,2019
1/29/2019,3,CV-4,C,nh4,NA,35,Jan,2019
1/29/2019,3,PA-1,P,nh4,0.61,36,Jan,2019
1/29/2019,3,PA-2,P,nh4,0.66,37,Jan,2019
1/29/2019,3,PA-3,P,nh4,0.96,38,Jan,2019
1/29/2019,3,PA-4,P,nh4,0.68,39,Jan,2019
1/29/2019,4,CV-1,C,nh4,0.49,45,Jan,2019
1/29/2019,4,CV-2,C,nh4,0.92,46,Jan,2019
1/29/2019,4,CV-3,C,nh4,NA,47,Jan,2019
1/29/2019,4,CV-4,C,nh4,0.75,48,Jan,2019
1/29/2019,4,PA-1,P,nh4,0.45,49,Jan,2019
1/29/2019,4,PA-2,P,nh4,1.83,50,Jan,2019
1/29/2019,4,PA-3,P,nh4,0.4,51,Jan,2019
1/29/2019,4,PA-4,P,nh4,NA,52,Jan,2019
1/29/2019,1,CV-1,C,no3,NA,6,Jan,2019
1/29/2019,1,CV-2,C,no3,10.36,7,Jan,2019
1/29/2019,1,CV-3,C,no3,6.34,8,Jan,2019
1/29/2019,1,CV-4,C,no3,17.6,9,Jan,2019
1/29/2019,1,PA-1,P,no3,1.23,10,Jan,2019
1/29/2019,1,PA-2,P,no3,11.5,11,Jan,2019
1/29/2019,1,PA-3,P,no3,NA,12,Jan,2019
1/29/2019,1,PA-4,P,no3,14.51,13,Jan,2019
1/29/2019,2,CV-1,C,no3,20.19,19,Jan,2019
1/29/2019,2,CV-2,C,no3,0.06,20,Jan,2019
1/29/2019,2,CV-3,C,no3,13.94,21,Jan,2019
1/29/2019,2,CV-4,C,no3,17.64,22,Jan,2019
1/29/2019,2,PA-1,P,no3,0,23,Jan,2019
1/29/2019,2,PA-2,P,no3,5.04,24,Jan,2019
1/29/2019,2,PA-3,P,no3,NA,25,Jan,2019
1/29/2019,2,PA-4,P,no3,2.78,26,Jan,2019
1/29/2019,3,CV-1,C,no3,7.92,32,Jan,2019
1/29/2019,3,CV-2,C,no3,4.63,33,Jan,2019
1/29/2019,3,CV-3,C,no3,NA,34,Jan,2019
1/29/2019,3,CV-4,C,no3,NA,35,Jan,2019
1/29/2019,3,PA-1,P,no3,0.31,36,Jan,2019
1/29/2019,3,PA-2,P,no3,19.59,37,Jan,2019
1/29/2019,3,PA-3,P,no3,60.07,38,Jan,2019
1/29/2019,3,PA-4,P,no3,3.83,39,Jan,2019
1/29/2019,4,CV-1,C,no3,0,45,Jan,2019
1/29/2019,4,CV-2,C,no3,0,46,Jan,2019
1/29/2019,4,CV-3,C,no3,NA,47,Jan,2019
1/29/2019,4,CV-4,C,no3,4.29,48,Jan,2019
1/29/2019,4,PA-1,P,no3,7.89,49,Jan,2019
1/29/2019,4,PA-2,P,no3,0,50,Jan,2019
1/29/2019,4,PA-3,P,no3,0,51,Jan,2019
1/29/2019,4,PA-4,P,no3,NA,52,Jan,2019
