,date,field,plot,treatment,compound,concentration,lys_num,month,year
729,3/13/2018,1,N0,0,nh3,NA,1,Mar,2018
730,3/13/2018,1,N25,25,nh3,0.08,2,Mar,2018
731,3/13/2018,1,N50,50,nh3,0.06,3,Mar,2018
732,3/13/2018,1,N75,75,nh3,0.07,4,Mar,2018
733,3/13/2018,1,N100,100,nh3,0.05,5,Mar,2018
734,3/13/2018,1,CV-1,C,nh3,0.04,6,Mar,2018
735,3/13/2018,1,CV-2,C,nh3,1.33,7,Mar,2018
736,3/13/2018,1,CV-3,C,nh3,NA,8,Mar,2018
737,3/13/2018,1,CV-4,C,nh3,NA,9,Mar,2018
738,3/13/2018,1,PA-1,P,nh3,NA,10,Mar,2018
739,3/13/2018,1,PA-2,P,nh3,0.08,11,Mar,2018
740,3/13/2018,1,PA-3,P,nh3,0.07,12,Mar,2018
741,3/13/2018,1,PA-4,P,nh3,0.61,13,Mar,2018
742,3/13/2018,2,N0,0,nh3,NA,14,Mar,2018
743,3/13/2018,2,N25,25,nh3,NA,15,Mar,2018
744,3/13/2018,2,N50,50,nh3,0.53,16,Mar,2018
745,3/13/2018,2,N75,75,nh3,0.13,17,Mar,2018
746,3/13/2018,2,N100,100,nh3,NA,18,Mar,2018
747,3/13/2018,2,CV-1,C,nh3,0.16,19,Mar,2018
748,3/13/2018,2,CV-2,C,nh3,NA,20,Mar,2018
749,3/13/2018,2,CV-3,C,nh3,0.43,21,Mar,2018
750,3/13/2018,2,CV-4,C,nh3,0.15,22,Mar,2018
751,3/13/2018,2,PA-1,P,nh3,0.02,23,Mar,2018
752,3/13/2018,2,PA-2,P,nh3,0.01,24,Mar,2018
753,3/13/2018,2,PA-3,P,nh3,0,25,Mar,2018
754,3/13/2018,2,PA-4,P,nh3,0.07,26,Mar,2018
755,3/13/2018,3,N0,0,nh3,0.06,27,Mar,2018
756,3/13/2018,3,N25,25,nh3,0.18,28,Mar,2018
757,3/13/2018,3,N50,50,nh3,0.05,29,Mar,2018
758,3/13/2018,3,N75,75,nh3,NA,30,Mar,2018
759,3/13/2018,3,N100,100,nh3,NA,31,Mar,2018
760,3/13/2018,3,CV-1,C,nh3,0.04,32,Mar,2018
761,3/13/2018,3,CV-2,C,nh3,0.2,33,Mar,2018
762,3/13/2018,3,CV-3,C,nh3,0.1,34,Mar,2018
763,3/13/2018,3,CV-4,C,nh3,NA,35,Mar,2018
764,3/13/2018,3,PA-1,P,nh3,0.06,36,Mar,2018
765,3/13/2018,3,PA-2,P,nh3,0.06,37,Mar,2018
766,3/13/2018,3,PA-3,P,nh3,0.1,38,Mar,2018
767,3/13/2018,3,PA-4,P,nh3,NA,39,Mar,2018
768,3/13/2018,4,N0,0,nh3,0.06,40,Mar,2018
769,3/13/2018,4,N25,25,nh3,0.03,41,Mar,2018
770,3/13/2018,4,N50,50,nh3,NA,42,Mar,2018
771,3/13/2018,4,N75,75,nh3,0.05,43,Mar,2018
772,3/13/2018,4,N100,100,nh3,0.04,44,Mar,2018
773,3/13/2018,4,CV-1,C,nh3,NA,45,Mar,2018
774,3/13/2018,4,CV-2,C,nh3,0.04,46,Mar,2018
775,3/13/2018,4,CV-3,C,nh3,0.03,47,Mar,2018
776,3/13/2018,4,CV-4,C,nh3,0.09,48,Mar,2018
777,3/13/2018,4,PA-1,P,nh3,0.06,49,Mar,2018
778,3/13/2018,4,PA-2,P,nh3,NA,50,Mar,2018
779,3/13/2018,4,PA-3,P,nh3,0.27,51,Mar,2018
780,3/13/2018,4,PA-4,P,nh3,NA,52,Mar,2018
781,3/13/2018,1,N0,0,no3,NA,1,Mar,2018
782,3/13/2018,1,N25,25,no3,0.53,2,Mar,2018
783,3/13/2018,1,N50,50,no3,0.15,3,Mar,2018
784,3/13/2018,1,N75,75,no3,0.27,4,Mar,2018
785,3/13/2018,1,N100,100,no3,0.15,5,Mar,2018
786,3/13/2018,1,CV-1,C,no3,2.07,6,Mar,2018
787,3/13/2018,1,CV-2,C,no3,0.32,7,Mar,2018
788,3/13/2018,1,CV-3,C,no3,NA,8,Mar,2018
789,3/13/2018,1,CV-4,C,no3,NA,9,Mar,2018
790,3/13/2018,1,PA-1,P,no3,NA,10,Mar,2018
791,3/13/2018,1,PA-2,P,no3,0.14,11,Mar,2018
792,3/13/2018,1,PA-3,P,no3,0.17,12,Mar,2018
793,3/13/2018,1,PA-4,P,no3,0.43,13,Mar,2018
794,3/13/2018,2,N0,0,no3,NA,14,Mar,2018
795,3/13/2018,2,N25,25,no3,NA,15,Mar,2018
796,3/13/2018,2,N50,50,no3,0.28,16,Mar,2018
797,3/13/2018,2,N75,75,no3,0.31,17,Mar,2018
798,3/13/2018,2,N100,100,no3,NA,18,Mar,2018
799,3/13/2018,2,CV-1,C,no3,4.1,19,Mar,2018
800,3/13/2018,2,CV-2,C,no3,NA,20,Mar,2018
801,3/13/2018,2,CV-3,C,no3,7.57,21,Mar,2018
802,3/13/2018,2,CV-4,C,no3,0.64,22,Mar,2018
803,3/13/2018,2,PA-1,P,no3,0.18,23,Mar,2018
804,3/13/2018,2,PA-2,P,no3,12.88,24,Mar,2018
805,3/13/2018,2,PA-3,P,no3,0.16,25,Mar,2018
806,3/13/2018,2,PA-4,P,no3,1.98,26,Mar,2018
807,3/13/2018,3,N0,0,no3,25.08,27,Mar,2018
808,3/13/2018,3,N25,25,no3,20.7,28,Mar,2018
809,3/13/2018,3,N50,50,no3,0.15,29,Mar,2018
810,3/13/2018,3,N75,75,no3,NA,30,Mar,2018
811,3/13/2018,3,N100,100,no3,NA,31,Mar,2018
812,3/13/2018,3,CV-1,C,no3,13.79,32,Mar,2018
813,3/13/2018,3,CV-2,C,no3,24.74,33,Mar,2018
814,3/13/2018,3,CV-3,C,no3,1.52,34,Mar,2018
815,3/13/2018,3,CV-4,C,no3,NA,35,Mar,2018
816,3/13/2018,3,PA-1,P,no3,12.01,36,Mar,2018
817,3/13/2018,3,PA-2,P,no3,31.45,37,Mar,2018
818,3/13/2018,3,PA-3,P,no3,16.19,38,Mar,2018
819,3/13/2018,3,PA-4,P,no3,NA,39,Mar,2018
820,3/13/2018,4,N0,0,no3,0.19,40,Mar,2018
821,3/13/2018,4,N25,25,no3,0.16,41,Mar,2018
822,3/13/2018,4,N50,50,no3,NA,42,Mar,2018
823,3/13/2018,4,N75,75,no3,21.46,43,Mar,2018
824,3/13/2018,4,N100,100,no3,24.98,44,Mar,2018
825,3/13/2018,4,CV-1,C,no3,NA,45,Mar,2018
826,3/13/2018,4,CV-2,C,no3,0.62,46,Mar,2018
827,3/13/2018,4,CV-3,C,no3,7.43,47,Mar,2018
828,3/13/2018,4,CV-4,C,no3,17.08,48,Mar,2018
829,3/13/2018,4,PA-1,P,no3,26.96,49,Mar,2018
830,3/13/2018,4,PA-2,P,no3,NA,50,Mar,2018
831,3/13/2018,4,PA-3,P,no3,0.97,51,Mar,2018
832,3/13/2018,4,PA-4,P,no3,NA,52,Mar,2018
625,3/27/2018,1,N0,0,nh3,2.18,1,Mar,2018
626,3/27/2018,1,N25,25,nh3,NA,2,Mar,2018
627,3/27/2018,1,N50,50,nh3,NA,3,Mar,2018
628,3/27/2018,1,N75,75,nh3,1.6,4,Mar,2018
629,3/27/2018,1,N100,100,nh3,1.24,5,Mar,2018
630,3/27/2018,1,CV-1,C,nh3,1.94,6,Mar,2018
631,3/27/2018,1,CV-2,C,nh3,1.34,7,Mar,2018
632,3/27/2018,1,CV-3,C,nh3,NA,8,Mar,2018
633,3/27/2018,1,CV-4,C,nh3,NA,9,Mar,2018
634,3/27/2018,1,PA-1,P,nh3,2.38,10,Mar,2018
635,3/27/2018,1,PA-2,P,nh3,2.51,11,Mar,2018
636,3/27/2018,1,PA-3,P,nh3,NA,12,Mar,2018
637,3/27/2018,1,PA-4,P,nh3,NA,13,Mar,2018
638,3/27/2018,2,N0,0,nh3,NA,14,Mar,2018
639,3/27/2018,2,N25,25,nh3,NA,15,Mar,2018
640,3/27/2018,2,N50,50,nh3,1.39,16,Mar,2018
641,3/27/2018,2,N75,75,nh3,1.13,17,Mar,2018
642,3/27/2018,2,N100,100,nh3,1.12,18,Mar,2018
643,3/27/2018,2,CV-1,C,nh3,1.18,19,Mar,2018
644,3/27/2018,2,CV-2,C,nh3,1.21,20,Mar,2018
645,3/27/2018,2,CV-3,C,nh3,1.57,21,Mar,2018
646,3/27/2018,2,CV-4,C,nh3,1.48,22,Mar,2018
647,3/27/2018,2,PA-1,P,nh3,3.5,23,Mar,2018
648,3/27/2018,2,PA-2,P,nh3,4.84,24,Mar,2018
649,3/27/2018,2,PA-3,P,nh3,2.6,25,Mar,2018
650,3/27/2018,2,PA-4,P,nh3,2.93,26,Mar,2018
651,3/27/2018,3,N0,0,nh3,0.96,27,Mar,2018
652,3/27/2018,3,N25,25,nh3,1.4,28,Mar,2018
653,3/27/2018,3,N50,50,nh3,1.95,29,Mar,2018
654,3/27/2018,3,N75,75,nh3,NA,30,Mar,2018
655,3/27/2018,3,N100,100,nh3,1.09,31,Mar,2018
656,3/27/2018,3,CV-1,C,nh3,1.6,32,Mar,2018
657,3/27/2018,3,CV-2,C,nh3,0.75,33,Mar,2018
658,3/27/2018,3,CV-3,C,nh3,1.17,34,Mar,2018
659,3/27/2018,3,CV-4,C,nh3,1.52,35,Mar,2018
660,3/27/2018,3,PA-1,P,nh3,2.76,36,Mar,2018
661,3/27/2018,3,PA-2,P,nh3,1.52,37,Mar,2018
662,3/27/2018,3,PA-3,P,nh3,1.36,38,Mar,2018
663,3/27/2018,3,PA-4,P,nh3,1.18,39,Mar,2018
664,3/27/2018,4,N0,0,nh3,4.17,40,Mar,2018
665,3/27/2018,4,N25,25,nh3,0.86,41,Mar,2018
666,3/27/2018,4,N50,50,nh3,NA,42,Mar,2018
667,3/27/2018,4,N75,75,nh3,0.76,43,Mar,2018
668,3/27/2018,4,N100,100,nh3,0.99,44,Mar,2018
669,3/27/2018,4,CV-1,C,nh3,NA,45,Mar,2018
670,3/27/2018,4,CV-2,C,nh3,1.82,46,Mar,2018
671,3/27/2018,4,CV-3,C,nh3,1.56,47,Mar,2018
672,3/27/2018,4,CV-4,C,nh3,1.46,48,Mar,2018
673,3/27/2018,4,PA-1,P,nh3,2.08,49,Mar,2018
674,3/27/2018,4,PA-2,P,nh3,1.87,50,Mar,2018
675,3/27/2018,4,PA-3,P,nh3,1.58,51,Mar,2018
676,3/27/2018,4,PA-4,P,nh3,2.75,52,Mar,2018
677,3/27/2018,1,N0,0,no3,0.12,1,Mar,2018
678,3/27/2018,1,N25,25,no3,NA,2,Mar,2018
679,3/27/2018,1,N50,50,no3,NA,3,Mar,2018
680,3/27/2018,1,N75,75,no3,0.11,4,Mar,2018
681,3/27/2018,1,N100,100,no3,0.07,5,Mar,2018
682,3/27/2018,1,CV-1,C,no3,1.3,6,Mar,2018
683,3/27/2018,1,CV-2,C,no3,0.49,7,Mar,2018
684,3/27/2018,1,CV-3,C,no3,NA,8,Mar,2018
685,3/27/2018,1,CV-4,C,no3,NA,9,Mar,2018
686,3/27/2018,1,PA-1,P,no3,0.15,10,Mar,2018
687,3/27/2018,1,PA-2,P,no3,0.08,11,Mar,2018
688,3/27/2018,1,PA-3,P,no3,NA,12,Mar,2018
689,3/27/2018,1,PA-4,P,no3,NA,13,Mar,2018
690,3/27/2018,2,N0,0,no3,NA,14,Mar,2018
691,3/27/2018,2,N25,25,no3,NA,15,Mar,2018
692,3/27/2018,2,N50,50,no3,0.34,16,Mar,2018
693,3/27/2018,2,N75,75,no3,0.47,17,Mar,2018
694,3/27/2018,2,N100,100,no3,6,18,Mar,2018
695,3/27/2018,2,CV-1,C,no3,3.44,19,Mar,2018
696,3/27/2018,2,CV-2,C,no3,1.9,20,Mar,2018
697,3/27/2018,2,CV-3,C,no3,8.26,21,Mar,2018
698,3/27/2018,2,CV-4,C,no3,0.91,22,Mar,2018
699,3/27/2018,2,PA-1,P,no3,1.54,23,Mar,2018
700,3/27/2018,2,PA-2,P,no3,9.32,24,Mar,2018
701,3/27/2018,2,PA-3,P,no3,0.15,25,Mar,2018
702,3/27/2018,2,PA-4,P,no3,2.38,26,Mar,2018
703,3/27/2018,3,N0,0,no3,22.83,27,Mar,2018
704,3/27/2018,3,N25,25,no3,22.71,28,Mar,2018
705,3/27/2018,3,N50,50,no3,24.36,29,Mar,2018
706,3/27/2018,3,N75,75,no3,NA,30,Mar,2018
707,3/27/2018,3,N100,100,no3,23.18,31,Mar,2018
708,3/27/2018,3,CV-1,C,no3,8.36,32,Mar,2018
709,3/27/2018,3,CV-2,C,no3,21.38,33,Mar,2018
710,3/27/2018,3,CV-3,C,no3,1.79,34,Mar,2018
711,3/27/2018,3,CV-4,C,no3,35.03,35,Mar,2018
712,3/27/2018,3,PA-1,P,no3,7.19,36,Mar,2018
713,3/27/2018,3,PA-2,P,no3,24.52,37,Mar,2018
714,3/27/2018,3,PA-3,P,no3,8.88,38,Mar,2018
715,3/27/2018,3,PA-4,P,no3,3.02,39,Mar,2018
716,3/27/2018,4,N0,0,no3,0.11,40,Mar,2018
717,3/27/2018,4,N25,25,no3,0.08,41,Mar,2018
718,3/27/2018,4,N50,50,no3,NA,42,Mar,2018
719,3/27/2018,4,N75,75,no3,19.3,43,Mar,2018
720,3/27/2018,4,N100,100,no3,30.76,44,Mar,2018
721,3/27/2018,4,CV-1,C,no3,NA,45,Mar,2018
722,3/27/2018,4,CV-2,C,no3,0.59,46,Mar,2018
723,3/27/2018,4,CV-3,C,no3,4.94,47,Mar,2018
724,3/27/2018,4,CV-4,C,no3,14.16,48,Mar,2018
725,3/27/2018,4,PA-1,P,no3,33.46,49,Mar,2018
726,3/27/2018,4,PA-2,P,no3,12.89,50,Mar,2018
727,3/27/2018,4,PA-3,P,no3,1.18,51,Mar,2018
728,3/27/2018,4,PA-4,P,no3,18.41,52,Mar,2018
521,4/10/2018,1,N0,0,nh3,NA,1,Apr,2018
522,4/10/2018,1,N25,25,nh3,4,2,Apr,2018
523,4/10/2018,1,N50,50,nh3,0.25,3,Apr,2018
524,4/10/2018,1,N75,75,nh3,0.29,4,Apr,2018
525,4/10/2018,1,N100,100,nh3,0.28,5,Apr,2018
526,4/10/2018,1,CV-1,C,nh3,0.52,6,Apr,2018
527,4/10/2018,1,CV-2,C,nh3,0.3,7,Apr,2018
528,4/10/2018,1,CV-3,C,nh3,0.38,8,Apr,2018
529,4/10/2018,1,CV-4,C,nh3,NA,9,Apr,2018
530,4/10/2018,1,PA-1,P,nh3,NA,10,Apr,2018
531,4/10/2018,1,PA-2,P,nh3,0.5,11,Apr,2018
532,4/10/2018,1,PA-3,P,nh3,NA,12,Apr,2018
533,4/10/2018,1,PA-4,P,nh3,0.12,13,Apr,2018
534,4/10/2018,2,N0,0,nh3,0.07,14,Apr,2018
535,4/10/2018,2,N25,25,nh3,0.11,15,Apr,2018
536,4/10/2018,2,N50,50,nh3,0.18,16,Apr,2018
537,4/10/2018,2,N75,75,nh3,0.16,17,Apr,2018
538,4/10/2018,2,N100,100,nh3,0.14,18,Apr,2018
539,4/10/2018,2,CV-1,C,nh3,0.19,19,Apr,2018
540,4/10/2018,2,CV-2,C,nh3,0.21,20,Apr,2018
541,4/10/2018,2,CV-3,C,nh3,NA,21,Apr,2018
542,4/10/2018,2,CV-4,C,nh3,0.21,22,Apr,2018
543,4/10/2018,2,PA-1,P,nh3,0.32,23,Apr,2018
544,4/10/2018,2,PA-2,P,nh3,0.33,24,Apr,2018
545,4/10/2018,2,PA-3,P,nh3,0.12,25,Apr,2018
546,4/10/2018,2,PA-4,P,nh3,0.18,26,Apr,2018
547,4/10/2018,3,N0,0,nh3,0.13,27,Apr,2018
548,4/10/2018,3,N25,25,nh3,0.18,28,Apr,2018
549,4/10/2018,3,N50,50,nh3,0.25,29,Apr,2018
550,4/10/2018,3,N75,75,nh3,NA,30,Apr,2018
551,4/10/2018,3,N100,100,nh3,0.28,31,Apr,2018
552,4/10/2018,3,CV-1,C,nh3,0.32,32,Apr,2018
553,4/10/2018,3,CV-2,C,nh3,0.32,33,Apr,2018
554,4/10/2018,3,CV-3,C,nh3,0.36,34,Apr,2018
555,4/10/2018,3,CV-4,C,nh3,0.43,35,Apr,2018
556,4/10/2018,3,PA-1,P,nh3,0.11,36,Apr,2018
557,4/10/2018,3,PA-2,P,nh3,0.1,37,Apr,2018
558,4/10/2018,3,PA-3,P,nh3,0.07,38,Apr,2018
559,4/10/2018,3,PA-4,P,nh3,0.11,39,Apr,2018
560,4/10/2018,4,N0,0,nh3,0.17,40,Apr,2018
561,4/10/2018,4,N25,25,nh3,0.22,41,Apr,2018
562,4/10/2018,4,N50,50,nh3,0.21,42,Apr,2018
563,4/10/2018,4,N75,75,nh3,0.19,43,Apr,2018
564,4/10/2018,4,N100,100,nh3,0.19,44,Apr,2018
565,4/10/2018,4,CV-1,C,nh3,NA,45,Apr,2018
566,4/10/2018,4,CV-2,C,nh3,0.24,46,Apr,2018
567,4/10/2018,4,CV-3,C,nh3,0.24,47,Apr,2018
568,4/10/2018,4,CV-4,C,nh3,0.25,48,Apr,2018
569,4/10/2018,4,PA-1,P,nh3,0.37,49,Apr,2018
570,4/10/2018,4,PA-2,P,nh3,0.09,50,Apr,2018
571,4/10/2018,4,PA-3,P,nh3,0.09,51,Apr,2018
572,4/10/2018,4,PA-4,P,nh3,0.14,52,Apr,2018
573,4/10/2018,1,N0,0,no3,NA,1,Apr,2018
574,4/10/2018,1,N25,25,no3,0.09,2,Apr,2018
575,4/10/2018,1,N50,50,no3,0,3,Apr,2018
576,4/10/2018,1,N75,75,no3,0,4,Apr,2018
577,4/10/2018,1,N100,100,no3,0,5,Apr,2018
578,4/10/2018,1,CV-1,C,no3,0.62,6,Apr,2018
579,4/10/2018,1,CV-2,C,no3,0.23,7,Apr,2018
580,4/10/2018,1,CV-3,C,no3,0.71,8,Apr,2018
581,4/10/2018,1,CV-4,C,no3,NA,9,Apr,2018
582,4/10/2018,1,PA-1,P,no3,NA,10,Apr,2018
583,4/10/2018,1,PA-2,P,no3,0,11,Apr,2018
584,4/10/2018,1,PA-3,P,no3,NA,12,Apr,2018
585,4/10/2018,1,PA-4,P,no3,0.02,13,Apr,2018
586,4/10/2018,2,N0,0,no3,0.15,14,Apr,2018
587,4/10/2018,2,N25,25,no3,0.7,15,Apr,2018
588,4/10/2018,2,N50,50,no3,0.17,16,Apr,2018
589,4/10/2018,2,N75,75,no3,0.54,17,Apr,2018
590,4/10/2018,2,N100,100,no3,3.61,18,Apr,2018
591,4/10/2018,2,CV-1,C,no3,2.79,19,Apr,2018
592,4/10/2018,2,CV-2,C,no3,1.02,20,Apr,2018
593,4/10/2018,2,CV-3,C,no3,NA,21,Apr,2018
594,4/10/2018,2,CV-4,C,no3,1.01,22,Apr,2018
595,4/10/2018,2,PA-1,P,no3,0.11,23,Apr,2018
596,4/10/2018,2,PA-2,P,no3,3.9,24,Apr,2018
597,4/10/2018,2,PA-3,P,no3,0.07,25,Apr,2018
598,4/10/2018,2,PA-4,P,no3,1.78,26,Apr,2018
599,4/10/2018,3,N0,0,no3,14.52,27,Apr,2018
600,4/10/2018,3,N25,25,no3,15.05,28,Apr,2018
601,4/10/2018,3,N50,50,no3,18.87,29,Apr,2018
602,4/10/2018,3,N75,75,no3,NA,30,Apr,2018
603,4/10/2018,3,N100,100,no3,13.38,31,Apr,2018
604,4/10/2018,3,CV-1,C,no3,2.62,32,Apr,2018
605,4/10/2018,3,CV-2,C,no3,12.91,33,Apr,2018
606,4/10/2018,3,CV-3,C,no3,1.54,34,Apr,2018
607,4/10/2018,3,CV-4,C,no3,27.82,35,Apr,2018
608,4/10/2018,3,PA-1,P,no3,1.11,36,Apr,2018
609,4/10/2018,3,PA-2,P,no3,9.73,37,Apr,2018
610,4/10/2018,3,PA-3,P,no3,2.06,38,Apr,2018
611,4/10/2018,3,PA-4,P,no3,0.72,39,Apr,2018
612,4/10/2018,4,N0,0,no3,0.03,40,Apr,2018
613,4/10/2018,4,N25,25,no3,0.01,41,Apr,2018
614,4/10/2018,4,N50,50,no3,0.85,42,Apr,2018
615,4/10/2018,4,N75,75,no3,12.63,43,Apr,2018
616,4/10/2018,4,N100,100,no3,28.69,44,Apr,2018
617,4/10/2018,4,CV-1,C,no3,NA,45,Apr,2018
618,4/10/2018,4,CV-2,C,no3,1.44,46,Apr,2018
619,4/10/2018,4,CV-3,C,no3,3.04,47,Apr,2018
620,4/10/2018,4,CV-4,C,no3,13.12,48,Apr,2018
621,4/10/2018,4,PA-1,P,no3,28.3,49,Apr,2018
622,4/10/2018,4,PA-2,P,no3,6.27,50,Apr,2018
623,4/10/2018,4,PA-3,P,no3,2.07,51,Apr,2018
624,4/10/2018,4,PA-4,P,no3,16.82,52,Apr,2018
417,4/24/2018,1,N0,0,nh3,0.13,1,Apr,2018
418,4/24/2018,1,N25,25,nh3,NA,2,Apr,2018
419,4/24/2018,1,N50,50,nh3,0.14,3,Apr,2018
420,4/24/2018,1,N75,75,nh3,0.09,4,Apr,2018
421,4/24/2018,1,N100,100,nh3,NA,5,Apr,2018
422,4/24/2018,1,CV-1,C,nh3,0.16,6,Apr,2018
423,4/24/2018,1,CV-2,C,nh3,NA,7,Apr,2018
424,4/24/2018,1,CV-3,C,nh3,0.1,8,Apr,2018
425,4/24/2018,1,CV-4,C,nh3,0.13,9,Apr,2018
426,4/24/2018,1,PA-1,P,nh3,0.21,10,Apr,2018
427,4/24/2018,1,PA-2,P,nh3,0.3,11,Apr,2018
428,4/24/2018,1,PA-3,P,nh3,0.32,12,Apr,2018
429,4/24/2018,1,PA-4,P,nh3,0.37,13,Apr,2018
430,4/24/2018,2,N0,0,nh3,0.47,14,Apr,2018
431,4/24/2018,2,N25,25,nh3,0.11,15,Apr,2018
432,4/24/2018,2,N50,50,nh3,0.07,16,Apr,2018
433,4/24/2018,2,N75,75,nh3,0.06,17,Apr,2018
434,4/24/2018,2,N100,100,nh3,0.12,18,Apr,2018
435,4/24/2018,2,CV-1,C,nh3,0.18,19,Apr,2018
436,4/24/2018,2,CV-2,C,nh3,0.21,20,Apr,2018
437,4/24/2018,2,CV-3,C,nh3,NA,21,Apr,2018
438,4/24/2018,2,CV-4,C,nh3,0.29,22,Apr,2018
439,4/24/2018,2,PA-1,P,nh3,0.28,23,Apr,2018
440,4/24/2018,2,PA-2,P,nh3,0.3,24,Apr,2018
441,4/24/2018,2,PA-3,P,nh3,0.26,25,Apr,2018
442,4/24/2018,2,PA-4,P,nh3,0.24,26,Apr,2018
443,4/24/2018,3,N0,0,nh3,NA,27,Apr,2018
444,4/24/2018,3,N25,25,nh3,0.19,28,Apr,2018
445,4/24/2018,3,N50,50,nh3,0.26,29,Apr,2018
446,4/24/2018,3,N75,75,nh3,NA,30,Apr,2018
447,4/24/2018,3,N100,100,nh3,0,31,Apr,2018
448,4/24/2018,3,CV-1,C,nh3,0.31,32,Apr,2018
449,4/24/2018,3,CV-2,C,nh3,0.04,33,Apr,2018
450,4/24/2018,3,CV-3,C,nh3,0.06,34,Apr,2018
451,4/24/2018,3,CV-4,C,nh3,0.08,35,Apr,2018
452,4/24/2018,3,PA-1,P,nh3,0.18,36,Apr,2018
453,4/24/2018,3,PA-2,P,nh3,0.24,37,Apr,2018
454,4/24/2018,3,PA-3,P,nh3,0.25,38,Apr,2018
455,4/24/2018,3,PA-4,P,nh3,0.26,39,Apr,2018
456,4/24/2018,4,N0,0,nh3,0.22,40,Apr,2018
457,4/24/2018,4,N25,25,nh3,0.19,41,Apr,2018
458,4/24/2018,4,N50,50,nh3,NA,42,Apr,2018
459,4/24/2018,4,N75,75,nh3,0.18,43,Apr,2018
460,4/24/2018,4,N100,100,nh3,0.14,44,Apr,2018
461,4/24/2018,4,CV-1,C,nh3,NA,45,Apr,2018
462,4/24/2018,4,CV-2,C,nh3,0.12,46,Apr,2018
463,4/24/2018,4,CV-3,C,nh3,0.08,47,Apr,2018
464,4/24/2018,4,CV-4,C,nh3,NA,48,Apr,2018
465,4/24/2018,4,PA-1,P,nh3,0.11,49,Apr,2018
466,4/24/2018,4,PA-2,P,nh3,0.17,50,Apr,2018
467,4/24/2018,4,PA-3,P,nh3,0.16,51,Apr,2018
468,4/24/2018,4,PA-4,P,nh3,0.19,52,Apr,2018
469,4/24/2018,1,N0,0,no3,0,1,Apr,2018
470,4/24/2018,1,N25,25,no3,NA,2,Apr,2018
471,4/24/2018,1,N50,50,no3,0.01,3,Apr,2018
472,4/24/2018,1,N75,75,no3,0.01,4,Apr,2018
473,4/24/2018,1,N100,100,no3,NA,5,Apr,2018
474,4/24/2018,1,CV-1,C,no3,0.41,6,Apr,2018
475,4/24/2018,1,CV-2,C,no3,NA,7,Apr,2018
476,4/24/2018,1,CV-3,C,no3,0.36,8,Apr,2018
477,4/24/2018,1,CV-4,C,no3,0.04,9,Apr,2018
478,4/24/2018,1,PA-1,P,no3,0.01,10,Apr,2018
479,4/24/2018,1,PA-2,P,no3,-0.01,11,Apr,2018
480,4/24/2018,1,PA-3,P,no3,-0.01,12,Apr,2018
481,4/24/2018,1,PA-4,P,no3,0,13,Apr,2018
482,4/24/2018,2,N0,0,no3,0.04,14,Apr,2018
483,4/24/2018,2,N25,25,no3,0.54,15,Apr,2018
484,4/24/2018,2,N50,50,no3,0.08,16,Apr,2018
485,4/24/2018,2,N75,75,no3,0.07,17,Apr,2018
486,4/24/2018,2,N100,100,no3,1.81,18,Apr,2018
487,4/24/2018,2,CV-1,C,no3,1.54,19,Apr,2018
488,4/24/2018,2,CV-2,C,no3,0.21,20,Apr,2018
489,4/24/2018,2,CV-3,C,no3,NA,21,Apr,2018
490,4/24/2018,2,CV-4,C,no3,0.63,22,Apr,2018
491,4/24/2018,2,PA-1,P,no3,0,23,Apr,2018
492,4/24/2018,2,PA-2,P,no3,1.12,24,Apr,2018
493,4/24/2018,2,PA-3,P,no3,0.05,25,Apr,2018
494,4/24/2018,2,PA-4,P,no3,0.77,26,Apr,2018
495,4/24/2018,3,N0,0,no3,NA,27,Apr,2018
496,4/24/2018,3,N25,25,no3,7.83,28,Apr,2018
497,4/24/2018,3,N50,50,no3,5.28,29,Apr,2018
498,4/24/2018,3,N75,75,no3,NA,30,Apr,2018
499,4/24/2018,3,N100,100,no3,NA,31,Apr,2018
500,4/24/2018,3,CV-1,C,no3,2.16,32,Apr,2018
501,4/24/2018,3,CV-2,C,no3,16.67,33,Apr,2018
502,4/24/2018,3,CV-3,C,no3,1.36,34,Apr,2018
503,4/24/2018,3,CV-4,C,no3,6.44,35,Apr,2018
504,4/24/2018,3,PA-1,P,no3,0.68,36,Apr,2018
505,4/24/2018,3,PA-2,P,no3,2.17,37,Apr,2018
506,4/24/2018,3,PA-3,P,no3,1.79,38,Apr,2018
507,4/24/2018,3,PA-4,P,no3,2.22,39,Apr,2018
508,4/24/2018,4,N0,0,no3,0.02,40,Apr,2018
509,4/24/2018,4,N25,25,no3,-0.01,41,Apr,2018
510,4/24/2018,4,N50,50,no3,NA,42,Apr,2018
511,4/24/2018,4,N75,75,no3,7.68,43,Apr,2018
512,4/24/2018,4,N100,100,no3,28.53,44,Apr,2018
513,4/24/2018,4,CV-1,C,no3,NA,45,Apr,2018
514,4/24/2018,4,CV-2,C,no3,2.49,46,Apr,2018
515,4/24/2018,4,CV-3,C,no3,6.42,47,Apr,2018
516,4/24/2018,4,CV-4,C,no3,NA,48,Apr,2018
517,4/24/2018,4,PA-1,P,no3,28.91,49,Apr,2018
518,4/24/2018,4,PA-2,P,no3,4.69,50,Apr,2018
519,4/24/2018,4,PA-3,P,no3,2.68,51,Apr,2018
520,4/24/2018,4,PA-4,P,no3,14.4,52,Apr,2018
313,5/8/2018,1,N0,0,nh3,2.94,1,May,2018
314,5/8/2018,1,N25,25,nh3,2.38,2,May,2018
315,5/8/2018,1,N50,50,nh3,2.75,3,May,2018
316,5/8/2018,1,N75,75,nh3,2.6,4,May,2018
317,5/8/2018,1,N100,100,nh3,NA,5,May,2018
318,5/8/2018,1,CV-1,C,nh3,0.07,6,May,2018
319,5/8/2018,1,CV-2,C,nh3,NA,7,May,2018
320,5/8/2018,1,CV-3,C,nh3,NA,8,May,2018
321,5/8/2018,1,CV-4,C,nh3,NA,9,May,2018
322,5/8/2018,1,PA-1,P,nh3,3.23,10,May,2018
323,5/8/2018,1,PA-2,P,nh3,3.58,11,May,2018
324,5/8/2018,1,PA-3,P,nh3,1.5,12,May,2018
325,5/8/2018,1,PA-4,P,nh3,1.25,13,May,2018
326,5/8/2018,2,N0,0,nh3,2.62,14,May,2018
327,5/8/2018,2,N25,25,nh3,1.84,15,May,2018
328,5/8/2018,2,N50,50,nh3,1.76,16,May,2018
329,5/8/2018,2,N75,75,nh3,1.39,17,May,2018
330,5/8/2018,2,N100,100,nh3,1.55,18,May,2018
331,5/8/2018,2,CV-1,C,nh3,1.54,19,May,2018
332,5/8/2018,2,CV-2,C,nh3,1.51,20,May,2018
333,5/8/2018,2,CV-3,C,nh3,NA,21,May,2018
334,5/8/2018,2,CV-4,C,nh3,1.29,22,May,2018
335,5/8/2018,2,PA-1,P,nh3,1.58,23,May,2018
336,5/8/2018,2,PA-2,P,nh3,1.47,24,May,2018
337,5/8/2018,2,PA-3,P,nh3,2.24,25,May,2018
338,5/8/2018,2,PA-4,P,nh3,1.97,26,May,2018
339,5/8/2018,3,N0,0,nh3,NA,27,May,2018
340,5/8/2018,3,N25,25,nh3,3.14,28,May,2018
341,5/8/2018,3,N50,50,nh3,2.34,29,May,2018
342,5/8/2018,3,N75,75,nh3,NA,30,May,2018
343,5/8/2018,3,N100,100,nh3,1.92,31,May,2018
344,5/8/2018,3,CV-1,C,nh3,1.09,32,May,2018
345,5/8/2018,3,CV-2,C,nh3,1.19,33,May,2018
346,5/8/2018,3,CV-3,C,nh3,0.88,34,May,2018
347,5/8/2018,3,CV-4,C,nh3,1.07,35,May,2018
348,5/8/2018,3,PA-1,P,nh3,1.73,36,May,2018
349,5/8/2018,3,PA-2,P,nh3,1.56,37,May,2018
350,5/8/2018,3,PA-3,P,nh3,1.56,38,May,2018
351,5/8/2018,3,PA-4,P,nh3,1.42,39,May,2018
352,5/8/2018,4,N0,0,nh3,1.09,40,May,2018
353,5/8/2018,4,N25,25,nh3,1.32,41,May,2018
354,5/8/2018,4,N50,50,nh3,0.99,42,May,2018
355,5/8/2018,4,N75,75,nh3,1.8,43,May,2018
356,5/8/2018,4,N100,100,nh3,2.37,44,May,2018
357,5/8/2018,4,CV-1,C,nh3,1.17,45,May,2018
358,5/8/2018,4,CV-2,C,nh3,1.08,46,May,2018
359,5/8/2018,4,CV-3,C,nh3,1.14,47,May,2018
360,5/8/2018,4,CV-4,C,nh3,0.86,48,May,2018
361,5/8/2018,4,PA-1,P,nh3,1.71,49,May,2018
362,5/8/2018,4,PA-2,P,nh3,1.92,50,May,2018
363,5/8/2018,4,PA-3,P,nh3,2.02,51,May,2018
364,5/8/2018,4,PA-4,P,nh3,1.49,52,May,2018
365,5/8/2018,1,N0,0,no3,0,1,May,2018
366,5/8/2018,1,N25,25,no3,NA,2,May,2018
367,5/8/2018,1,N50,50,no3,0,3,May,2018
368,5/8/2018,1,N75,75,no3,0,4,May,2018
369,5/8/2018,1,N100,100,no3,NA,5,May,2018
370,5/8/2018,1,CV-1,C,no3,0.23,6,May,2018
371,5/8/2018,1,CV-2,C,no3,0.12,7,May,2018
372,5/8/2018,1,CV-3,C,no3,0.32,8,May,2018
373,5/8/2018,1,CV-4,C,no3,0,9,May,2018
374,5/8/2018,1,PA-1,P,no3,0,10,May,2018
375,5/8/2018,1,PA-2,P,no3,0.49,11,May,2018
376,5/8/2018,1,PA-3,P,no3,0,12,May,2018
377,5/8/2018,1,PA-4,P,no3,0,13,May,2018
378,5/8/2018,2,N0,0,no3,0.7,14,May,2018
379,5/8/2018,2,N25,25,no3,0,15,May,2018
380,5/8/2018,2,N50,50,no3,0.05,16,May,2018
381,5/8/2018,2,N75,75,no3,0,17,May,2018
382,5/8/2018,2,N100,100,no3,2.91,18,May,2018
383,5/8/2018,2,CV-1,C,no3,2.49,19,May,2018
384,5/8/2018,2,CV-2,C,no3,0,20,May,2018
385,5/8/2018,2,CV-3,C,no3,NA,21,May,2018
386,5/8/2018,2,CV-4,C,no3,0.57,22,May,2018
387,5/8/2018,2,PA-1,P,no3,0,23,May,2018
388,5/8/2018,2,PA-2,P,no3,1.36,24,May,2018
389,5/8/2018,2,PA-3,P,no3,0.04,25,May,2018
390,5/8/2018,2,PA-4,P,no3,0.49,26,May,2018
391,5/8/2018,3,N0,0,no3,NA,27,May,2018
392,5/8/2018,3,N25,25,no3,3.89,28,May,2018
393,5/8/2018,3,N50,50,no3,19.93,29,May,2018
394,5/8/2018,3,N75,75,no3,NA,30,May,2018
395,5/8/2018,3,N100,100,no3,3.83,31,May,2018
396,5/8/2018,3,CV-1,C,no3,2.61,32,May,2018
397,5/8/2018,3,CV-2,C,no3,16.45,33,May,2018
398,5/8/2018,3,CV-3,C,no3,2.13,34,May,2018
399,5/8/2018,3,CV-4,C,no3,36.98,35,May,2018
400,5/8/2018,3,PA-1,P,no3,0.15,36,May,2018
401,5/8/2018,3,PA-2,P,no3,2.23,37,May,2018
402,5/8/2018,3,PA-3,P,no3,0.96,38,May,2018
403,5/8/2018,3,PA-4,P,no3,4.37,39,May,2018
404,5/8/2018,4,N0,0,no3,0,40,May,2018
405,5/8/2018,4,N25,25,no3,0,41,May,2018
406,5/8/2018,4,N50,50,no3,0,42,May,2018
407,5/8/2018,4,N75,75,no3,3.76,43,May,2018
408,5/8/2018,4,N100,100,no3,26.97,44,May,2018
409,5/8/2018,4,CV-1,C,no3,NA,45,May,2018
410,5/8/2018,4,CV-2,C,no3,1.24,46,May,2018
411,5/8/2018,4,CV-3,C,no3,6.62,47,May,2018
412,5/8/2018,4,CV-4,C,no3,19.66,48,May,2018
413,5/8/2018,4,PA-1,P,no3,21.63,49,May,2018
414,5/8/2018,4,PA-2,P,no3,5.03,50,May,2018
415,5/8/2018,4,PA-3,P,no3,6.15,51,May,2018
416,5/8/2018,4,PA-4,P,no3,NA,52,May,2018
209,5/22/2018,1,N0,0,nh3,2.75,1,May,2018
210,5/22/2018,1,N25,25,nh3,1.9,2,May,2018
211,5/22/2018,1,N50,50,nh3,5.35,3,May,2018
212,5/22/2018,1,N75,75,nh3,1.49,4,May,2018
213,5/22/2018,1,N100,100,nh3,0.7,5,May,2018
214,5/22/2018,1,CV-1,C,nh3,1.22,6,May,2018
215,5/22/2018,1,CV-2,C,nh3,1.19,7,May,2018
216,5/22/2018,1,CV-3,C,nh3,1.21,8,May,2018
217,5/22/2018,1,CV-4,C,nh3,2.62,9,May,2018
218,5/22/2018,1,PA-1,P,nh3,NA,10,May,2018
219,5/22/2018,1,PA-2,P,nh3,0.68,11,May,2018
220,5/22/2018,1,PA-3,P,nh3,NA,12,May,2018
221,5/22/2018,1,PA-4,P,nh3,1.25,13,May,2018
222,5/22/2018,2,N0,0,nh3,1.76,14,May,2018
223,5/22/2018,2,N25,25,nh3,1.7,15,May,2018
224,5/22/2018,2,N50,50,nh3,1.66,16,May,2018
225,5/22/2018,2,N75,75,nh3,1.62,17,May,2018
226,5/22/2018,2,N100,100,nh3,1.59,18,May,2018
227,5/22/2018,2,CV-1,C,nh3,1.85,19,May,2018
228,5/22/2018,2,CV-2,C,nh3,1.79,20,May,2018
229,5/22/2018,2,CV-3,C,nh3,1.45,21,May,2018
230,5/22/2018,2,CV-4,C,nh3,1.85,22,May,2018
231,5/22/2018,2,PA-1,P,nh3,1.56,23,May,2018
232,5/22/2018,2,PA-2,P,nh3,NA,24,May,2018
233,5/22/2018,2,PA-3,P,nh3,1.46,25,May,2018
234,5/22/2018,2,PA-4,P,nh3,1.42,26,May,2018
235,5/22/2018,3,N0,0,nh3,1.22,27,May,2018
236,5/22/2018,3,N25,25,nh3,0,28,May,2018
237,5/22/2018,3,N50,50,nh3,1.18,29,May,2018
238,5/22/2018,3,N75,75,nh3,1.15,30,May,2018
239,5/22/2018,3,N100,100,nh3,1.12,31,May,2018
240,5/22/2018,3,CV-1,C,nh3,1.25,32,May,2018
241,5/22/2018,3,CV-2,C,nh3,1.37,33,May,2018
242,5/22/2018,3,CV-3,C,nh3,1.32,34,May,2018
243,5/22/2018,3,CV-4,C,nh3,1.28,35,May,2018
244,5/22/2018,3,PA-1,P,nh3,1.08,36,May,2018
245,5/22/2018,3,PA-2,P,nh3,0.95,37,May,2018
246,5/22/2018,3,PA-3,P,nh3,0.99,38,May,2018
247,5/22/2018,3,PA-4,P,nh3,1.04,39,May,2018
248,5/22/2018,4,N0,0,nh3,0.79,40,May,2018
249,5/22/2018,4,N25,25,nh3,0.75,41,May,2018
250,5/22/2018,4,N50,50,nh3,0.72,42,May,2018
251,5/22/2018,4,N75,75,nh3,0.67,43,May,2018
252,5/22/2018,4,N100,100,nh3,0.62,44,May,2018
253,5/22/2018,4,CV-1,C,nh3,0.56,45,May,2018
254,5/22/2018,4,CV-2,C,nh3,0.52,46,May,2018
255,5/22/2018,4,CV-3,C,nh3,NA,47,May,2018
256,5/22/2018,4,CV-4,C,nh3,0.59,48,May,2018
257,5/22/2018,4,PA-1,P,nh3,0.85,49,May,2018
258,5/22/2018,4,PA-2,P,nh3,0.89,50,May,2018
259,5/22/2018,4,PA-3,P,nh3,0.92,51,May,2018
260,5/22/2018,4,PA-4,P,nh3,0.82,52,May,2018
261,5/22/2018,1,N0,0,no3,0,1,May,2018
262,5/22/2018,1,N25,25,no3,0.13,2,May,2018
263,5/22/2018,1,N50,50,no3,0,3,May,2018
264,5/22/2018,1,N75,75,no3,0,4,May,2018
265,5/22/2018,1,N100,100,no3,0.01,5,May,2018
266,5/22/2018,1,CV-1,C,no3,0.07,6,May,2018
267,5/22/2018,1,CV-2,C,no3,0.09,7,May,2018
268,5/22/2018,1,CV-3,C,no3,0.14,8,May,2018
269,5/22/2018,1,CV-4,C,no3,0.06,9,May,2018
270,5/22/2018,1,PA-1,P,no3,NA,10,May,2018
271,5/22/2018,1,PA-2,P,no3,0.81,11,May,2018
272,5/22/2018,1,PA-3,P,no3,NA,12,May,2018
273,5/22/2018,1,PA-4,P,no3,0,13,May,2018
274,5/22/2018,2,N0,0,no3,0,14,May,2018
275,5/22/2018,2,N25,25,no3,0.57,15,May,2018
276,5/22/2018,2,N50,50,no3,0,16,May,2018
277,5/22/2018,2,N75,75,no3,0,17,May,2018
278,5/22/2018,2,N100,100,no3,2.48,18,May,2018
279,5/22/2018,2,CV-1,C,no3,1.79,19,May,2018
280,5/22/2018,2,CV-2,C,no3,0,20,May,2018
281,5/22/2018,2,CV-3,C,no3,5.31,21,May,2018
282,5/22/2018,2,CV-4,C,no3,0.38,22,May,2018
283,5/22/2018,2,PA-1,P,no3,0,23,May,2018
284,5/22/2018,2,PA-2,P,no3,NA,24,May,2018
285,5/22/2018,2,PA-3,P,no3,0.04,25,May,2018
286,5/22/2018,2,PA-4,P,no3,0.24,26,May,2018
287,5/22/2018,3,N0,0,no3,0.01,27,May,2018
288,5/22/2018,3,N25,25,no3,NA,28,May,2018
289,5/22/2018,3,N50,50,no3,13.09,29,May,2018
290,5/22/2018,3,N75,75,no3,1.07,30,May,2018
291,5/22/2018,3,N100,100,no3,8.73,31,May,2018
292,5/22/2018,3,CV-1,C,no3,2.59,32,May,2018
293,5/22/2018,3,CV-2,C,no3,15.04,33,May,2018
294,5/22/2018,3,CV-3,C,no3,0.9,34,May,2018
295,5/22/2018,3,CV-4,C,no3,NA,35,May,2018
296,5/22/2018,3,PA-1,P,no3,0.03,36,May,2018
297,5/22/2018,3,PA-2,P,no3,0.13,37,May,2018
298,5/22/2018,3,PA-3,P,no3,0.53,38,May,2018
299,5/22/2018,3,PA-4,P,no3,2.78,39,May,2018
300,5/22/2018,4,N0,0,no3,0,40,May,2018
301,5/22/2018,4,N25,25,no3,0,41,May,2018
302,5/22/2018,4,N50,50,no3,NA,42,May,2018
303,5/22/2018,4,N75,75,no3,1.55,43,May,2018
304,5/22/2018,4,N100,100,no3,26.47,44,May,2018
305,5/22/2018,4,CV-1,C,no3,0.18,45,May,2018
306,5/22/2018,4,CV-2,C,no3,0.49,46,May,2018
307,5/22/2018,4,CV-3,C,no3,NA,47,May,2018
308,5/22/2018,4,CV-4,C,no3,23.66,48,May,2018
309,5/22/2018,4,PA-1,P,no3,15.34,49,May,2018
310,5/22/2018,4,PA-2,P,no3,2.45,50,May,2018
311,5/22/2018,4,PA-3,P,no3,7.83,51,May,2018
312,5/22/2018,4,PA-4,P,no3,9.17,52,May,2018
105,6/5/2018,1,N0,0,nh3,NA,1,Jun,2018
106,6/5/2018,1,N25,25,nh3,NA,2,Jun,2018
107,6/5/2018,1,N50,50,nh3,NA,3,Jun,2018
108,6/5/2018,1,N75,75,nh3,0.97,4,Jun,2018
109,6/5/2018,1,N100,100,nh3,0.99,5,Jun,2018
110,6/5/2018,1,CV-1,C,nh3,0.75,6,Jun,2018
111,6/5/2018,1,CV-2,C,nh3,0.88,7,Jun,2018
112,6/5/2018,1,CV-3,C,nh3,0.57,8,Jun,2018
113,6/5/2018,1,CV-4,C,nh3,0.67,9,Jun,2018
114,6/5/2018,1,PA-1,P,nh3,NA,10,Jun,2018
115,6/5/2018,1,PA-2,P,nh3,NA,11,Jun,2018
116,6/5/2018,1,PA-3,P,nh3,NA,12,Jun,2018
117,6/5/2018,1,PA-4,P,nh3,0.73,13,Jun,2018
118,6/5/2018,2,N0,0,nh3,0.61,14,Jun,2018
119,6/5/2018,2,N25,25,nh3,0.44,15,Jun,2018
120,6/5/2018,2,N50,50,nh3,0.63,16,Jun,2018
121,6/5/2018,2,N75,75,nh3,0.76,17,Jun,2018
122,6/5/2018,2,N100,100,nh3,NA,18,Jun,2018
123,6/5/2018,2,CV-1,C,nh3,0.76,19,Jun,2018
124,6/5/2018,2,CV-2,C,nh3,0.53,20,Jun,2018
125,6/5/2018,2,CV-3,C,nh3,0.48,21,Jun,2018
126,6/5/2018,2,CV-4,C,nh3,0.34,22,Jun,2018
127,6/5/2018,2,PA-1,P,nh3,1.26,23,Jun,2018
128,6/5/2018,2,PA-2,P,nh3,NA,24,Jun,2018
129,6/5/2018,2,PA-3,P,nh3,0.53,25,Jun,2018
130,6/5/2018,2,PA-4,P,nh3,0.92,26,Jun,2018
131,6/5/2018,3,N0,0,nh3,NA,27,Jun,2018
132,6/5/2018,3,N25,25,nh3,NA,28,Jun,2018
133,6/5/2018,3,N50,50,nh3,0.52,29,Jun,2018
134,6/5/2018,3,N75,75,nh3,NA,30,Jun,2018
135,6/5/2018,3,N100,100,nh3,NA,31,Jun,2018
136,6/5/2018,3,CV-1,C,nh3,0.45,32,Jun,2018
137,6/5/2018,3,CV-2,C,nh3,0.46,33,Jun,2018
138,6/5/2018,3,CV-3,C,nh3,0.34,34,Jun,2018
139,6/5/2018,3,CV-4,C,nh3,0.57,35,Jun,2018
140,6/5/2018,3,PA-1,P,nh3,0.74,36,Jun,2018
141,6/5/2018,3,PA-2,P,nh3,0.74,37,Jun,2018
142,6/5/2018,3,PA-3,P,nh3,0.62,38,Jun,2018
143,6/5/2018,3,PA-4,P,nh3,0.78,39,Jun,2018
144,6/5/2018,4,N0,0,nh3,0.66,40,Jun,2018
145,6/5/2018,4,N25,25,nh3,0.57,41,Jun,2018
146,6/5/2018,4,N50,50,nh3,0.7,42,Jun,2018
147,6/5/2018,4,N75,75,nh3,0.51,43,Jun,2018
148,6/5/2018,4,N100,100,nh3,0.72,44,Jun,2018
149,6/5/2018,4,CV-1,C,nh3,NA,45,Jun,2018
150,6/5/2018,4,CV-2,C,nh3,1.29,46,Jun,2018
151,6/5/2018,4,CV-3,C,nh3,0.94,47,Jun,2018
152,6/5/2018,4,CV-4,C,nh3,0.66,48,Jun,2018
153,6/5/2018,4,PA-1,P,nh3,0.51,49,Jun,2018
154,6/5/2018,4,PA-2,P,nh3,NA,50,Jun,2018
155,6/5/2018,4,PA-3,P,nh3,0.36,51,Jun,2018
156,6/5/2018,4,PA-4,P,nh3,0.93,52,Jun,2018
157,6/5/2018,1,N0,0,no3,NA,1,Jun,2018
158,6/5/2018,1,N25,25,no3,NA,2,Jun,2018
159,6/5/2018,1,N50,50,no3,NA,3,Jun,2018
160,6/5/2018,1,N75,75,no3,0,4,Jun,2018
161,6/5/2018,1,N100,100,no3,0,5,Jun,2018
162,6/5/2018,1,CV-1,C,no3,0.12,6,Jun,2018
163,6/5/2018,1,CV-2,C,no3,0.05,7,Jun,2018
164,6/5/2018,1,CV-3,C,no3,0.19,8,Jun,2018
165,6/5/2018,1,CV-4,C,no3,0.68,9,Jun,2018
166,6/5/2018,1,PA-1,P,no3,NA,10,Jun,2018
167,6/5/2018,1,PA-2,P,no3,NA,11,Jun,2018
168,6/5/2018,1,PA-3,P,no3,NA,12,Jun,2018
169,6/5/2018,1,PA-4,P,no3,0.06,13,Jun,2018
170,6/5/2018,2,N0,0,no3,0,14,Jun,2018
171,6/5/2018,2,N25,25,no3,0.57,15,Jun,2018
172,6/5/2018,2,N50,50,no3,0,16,Jun,2018
173,6/5/2018,2,N75,75,no3,0,17,Jun,2018
174,6/5/2018,2,N100,100,no3,NA,18,Jun,2018
175,6/5/2018,2,CV-1,C,no3,1.7,19,Jun,2018
176,6/5/2018,2,CV-2,C,no3,0,20,Jun,2018
177,6/5/2018,2,CV-3,C,no3,3.82,21,Jun,2018
178,6/5/2018,2,CV-4,C,no3,0.23,22,Jun,2018
179,6/5/2018,2,PA-1,P,no3,0,23,Jun,2018
180,6/5/2018,2,PA-2,P,no3,NA,24,Jun,2018
181,6/5/2018,2,PA-3,P,no3,0,25,Jun,2018
182,6/5/2018,2,PA-4,P,no3,0.32,26,Jun,2018
183,6/5/2018,3,N0,0,no3,NA,27,Jun,2018
184,6/5/2018,3,N25,25,no3,NA,28,Jun,2018
185,6/5/2018,3,N50,50,no3,12.04,29,Jun,2018
186,6/5/2018,3,N75,75,no3,NA,30,Jun,2018
187,6/5/2018,3,N100,100,no3,NA,31,Jun,2018
188,6/5/2018,3,CV-1,C,no3,2.25,32,Jun,2018
189,6/5/2018,3,CV-2,C,no3,13.82,33,Jun,2018
190,6/5/2018,3,CV-3,C,no3,0.68,34,Jun,2018
191,6/5/2018,3,CV-4,C,no3,38.58,35,Jun,2018
192,6/5/2018,3,PA-1,P,no3,0,36,Jun,2018
193,6/5/2018,3,PA-2,P,no3,0.11,37,Jun,2018
194,6/5/2018,3,PA-3,P,no3,1.37,38,Jun,2018
195,6/5/2018,3,PA-4,P,no3,1.69,39,Jun,2018
196,6/5/2018,4,N0,0,no3,0,40,Jun,2018
197,6/5/2018,4,N25,25,no3,0,41,Jun,2018
198,6/5/2018,4,N50,50,no3,0.3,42,Jun,2018
199,6/5/2018,4,N75,75,no3,0.84,43,Jun,2018
200,6/5/2018,4,N100,100,no3,27.31,44,Jun,2018
201,6/5/2018,4,CV-1,C,no3,NA,45,Jun,2018
202,6/5/2018,4,CV-2,C,no3,0.15,46,Jun,2018
203,6/5/2018,4,CV-3,C,no3,6.19,47,Jun,2018
204,6/5/2018,4,CV-4,C,no3,25.15,48,Jun,2018
205,6/5/2018,4,PA-1,P,no3,11.13,49,Jun,2018
206,6/5/2018,4,PA-2,P,no3,NA,50,Jun,2018
207,6/5/2018,4,PA-3,P,no3,8.52,51,Jun,2018
208,6/5/2018,4,PA-4,P,no3,7.06,52,Jun,2018
1,6/19/2018,1,N0,0,nh3,NA,1,Jun,2018
2,6/19/2018,1,N25,25,nh3,NA,2,Jun,2018
3,6/19/2018,1,N50,50,nh3,NA,3,Jun,2018
4,6/19/2018,1,N75,75,nh3,1.07,4,Jun,2018
5,6/19/2018,1,N100,100,nh3,NA,5,Jun,2018
6,6/19/2018,1,CV-1,C,nh3,NA,6,Jun,2018
7,6/19/2018,1,CV-2,C,nh3,NA,7,Jun,2018
8,6/19/2018,1,CV-3,C,nh3,NA,8,Jun,2018
9,6/19/2018,1,CV-4,C,nh3,0.77,9,Jun,2018
10,6/19/2018,1,PA-1,P,nh3,NA,10,Jun,2018
11,6/19/2018,1,PA-2,P,nh3,NA,11,Jun,2018
12,6/19/2018,1,PA-3,P,nh3,NA,12,Jun,2018
13,6/19/2018,1,PA-4,P,nh3,NA,13,Jun,2018
14,6/19/2018,2,N0,0,nh3,NA,14,Jun,2018
15,6/19/2018,2,N25,25,nh3,NA,15,Jun,2018
16,6/19/2018,2,N50,50,nh3,NA,16,Jun,2018
17,6/19/2018,2,N75,75,nh3,1.15,17,Jun,2018
18,6/19/2018,2,N100,100,nh3,NA,18,Jun,2018
19,6/19/2018,2,CV-1,C,nh3,NA,19,Jun,2018
20,6/19/2018,2,CV-2,C,nh3,0.76,20,Jun,2018
21,6/19/2018,2,CV-3,C,nh3,1.08,21,Jun,2018
22,6/19/2018,2,CV-4,C,nh3,0.95,22,Jun,2018
23,6/19/2018,2,PA-1,P,nh3,1.13,23,Jun,2018
24,6/19/2018,2,PA-2,P,nh3,NA,24,Jun,2018
25,6/19/2018,2,PA-3,P,nh3,NA,25,Jun,2018
26,6/19/2018,2,PA-4,P,nh3,NA,26,Jun,2018
27,6/19/2018,3,N0,0,nh3,0.71,27,Jun,2018
28,6/19/2018,3,N25,25,nh3,NA,28,Jun,2018
29,6/19/2018,3,N50,50,nh3,0.82,29,Jun,2018
30,6/19/2018,3,N75,75,nh3,NA,30,Jun,2018
31,6/19/2018,3,N100,100,nh3,NA,31,Jun,2018
32,6/19/2018,3,CV-1,C,nh3,0.87,32,Jun,2018
33,6/19/2018,3,CV-2,C,nh3,1.15,33,Jun,2018
34,6/19/2018,3,CV-3,C,nh3,1.18,34,Jun,2018
35,6/19/2018,3,CV-4,C,nh3,0.76,35,Jun,2018
36,6/19/2018,3,PA-1,P,nh3,0.6,36,Jun,2018
37,6/19/2018,3,PA-2,P,nh3,NA,37,Jun,2018
38,6/19/2018,3,PA-3,P,nh3,NA,38,Jun,2018
39,6/19/2018,3,PA-4,P,nh3,0.36,39,Jun,2018
40,6/19/2018,4,N0,0,nh3,0.62,40,Jun,2018
41,6/19/2018,4,N25,25,nh3,0.61,41,Jun,2018
42,6/19/2018,4,N50,50,nh3,0.94,42,Jun,2018
43,6/19/2018,4,N75,75,nh3,0.47,43,Jun,2018
44,6/19/2018,4,N100,100,nh3,0.6,44,Jun,2018
45,6/19/2018,4,CV-1,C,nh3,NA,45,Jun,2018
46,6/19/2018,4,CV-2,C,nh3,0.38,46,Jun,2018
47,6/19/2018,4,CV-3,C,nh3,0.53,47,Jun,2018
48,6/19/2018,4,CV-4,C,nh3,0.37,48,Jun,2018
49,6/19/2018,4,PA-1,P,nh3,0.57,49,Jun,2018
50,6/19/2018,4,PA-2,P,nh3,NA,50,Jun,2018
51,6/19/2018,4,PA-3,P,nh3,0.46,51,Jun,2018
52,6/19/2018,4,PA-4,P,nh3,0.42,52,Jun,2018
53,6/19/2018,1,N0,0,no3,NA,1,Jun,2018
54,6/19/2018,1,N25,25,no3,NA,2,Jun,2018
55,6/19/2018,1,N50,50,no3,NA,3,Jun,2018
56,6/19/2018,1,N75,75,no3,0.04,4,Jun,2018
57,6/19/2018,1,N100,100,no3,NA,5,Jun,2018
58,6/19/2018,1,CV-1,C,no3,NA,6,Jun,2018
59,6/19/2018,1,CV-2,C,no3,NA,7,Jun,2018
60,6/19/2018,1,CV-3,C,no3,NA,8,Jun,2018
61,6/19/2018,1,CV-4,C,no3,0.68,9,Jun,2018
62,6/19/2018,1,PA-1,P,no3,NA,10,Jun,2018
63,6/19/2018,1,PA-2,P,no3,NA,11,Jun,2018
64,6/19/2018,1,PA-3,P,no3,NA,12,Jun,2018
65,6/19/2018,1,PA-4,P,no3,NA,13,Jun,2018
66,6/19/2018,2,N0,0,no3,NA,14,Jun,2018
67,6/19/2018,2,N25,25,no3,NA,15,Jun,2018
68,6/19/2018,2,N50,50,no3,NA,16,Jun,2018
69,6/19/2018,2,N75,75,no3,0,17,Jun,2018
70,6/19/2018,2,N100,100,no3,NA,18,Jun,2018
71,6/19/2018,2,CV-1,C,no3,NA,19,Jun,2018
72,6/19/2018,2,CV-2,C,no3,0.01,20,Jun,2018
73,6/19/2018,2,CV-3,C,no3,1.35,21,Jun,2018
74,6/19/2018,2,CV-4,C,no3,0.13,22,Jun,2018
75,6/19/2018,2,PA-1,P,no3,0,23,Jun,2018
76,6/19/2018,2,PA-2,P,no3,NA,24,Jun,2018
77,6/19/2018,2,PA-3,P,no3,NA,25,Jun,2018
78,6/19/2018,2,PA-4,P,no3,NA,26,Jun,2018
79,6/19/2018,3,N0,0,no3,0.08,27,Jun,2018
80,6/19/2018,3,N25,25,no3,NA,28,Jun,2018
81,6/19/2018,3,N50,50,no3,4.38,29,Jun,2018
82,6/19/2018,3,N75,75,no3,NA,30,Jun,2018
83,6/19/2018,3,N100,100,no3,NA,31,Jun,2018
84,6/19/2018,3,CV-1,C,no3,1.73,32,Jun,2018
85,6/19/2018,3,CV-2,C,no3,5.76,33,Jun,2018
86,6/19/2018,3,CV-3,C,no3,0.09,34,Jun,2018
87,6/19/2018,3,CV-4,C,no3,37.53,35,Jun,2018
88,6/19/2018,3,PA-1,P,no3,0.05,36,Jun,2018
89,6/19/2018,3,PA-2,P,no3,NA,37,Jun,2018
90,6/19/2018,3,PA-3,P,no3,NA,38,Jun,2018
91,6/19/2018,3,PA-4,P,no3,0.51,39,Jun,2018
92,6/19/2018,4,N0,0,no3,3.75,40,Jun,2018
93,6/19/2018,4,N25,25,no3,0,41,Jun,2018
94,6/19/2018,4,N50,50,no3,0,42,Jun,2018
95,6/19/2018,4,N75,75,no3,0.52,43,Jun,2018
96,6/19/2018,4,N100,100,no3,26.61,44,Jun,2018
97,6/19/2018,4,CV-1,C,no3,NA,45,Jun,2018
98,6/19/2018,4,CV-2,C,no3,0.09,46,Jun,2018
99,6/19/2018,4,CV-3,C,no3,3.74,47,Jun,2018
100,6/19/2018,4,CV-4,C,no3,21,48,Jun,2018
101,6/19/2018,4,PA-1,P,no3,2.6,49,Jun,2018
102,6/19/2018,4,PA-2,P,no3,NA,50,Jun,2018
103,6/19/2018,4,PA-3,P,no3,6.82,51,Jun,2018
104,6/19/2018,4,PA-4,P,no3,4.06,52,Jun,2018
833,7/3/2018,1,N0,0,nh3,NA,1,Jul,2018
834,7/3/2018,1,N25,25,nh3,NA,2,Jul,2018
835,7/3/2018,1,N50,50,nh3,NA,3,Jul,2018
836,7/3/2018,1,N75,75,nh3,NA,4,Jul,2018
837,7/3/2018,1,N100,100,nh3,NA,5,Jul,2018
838,7/3/2018,1,CV-1,C,nh3,NA,6,Jul,2018
839,7/3/2018,1,CV-2,C,nh3,NA,7,Jul,2018
840,7/3/2018,1,CV-3,C,nh3,NA,8,Jul,2018
841,7/3/2018,1,CV-4,C,nh3,0.62,9,Jul,2018
842,7/3/2018,1,PA-1,P,nh3,NA,10,Jul,2018
843,7/3/2018,1,PA-2,P,nh3,NA,11,Jul,2018
844,7/3/2018,1,PA-3,P,nh3,NA,12,Jul,2018
845,7/3/2018,1,PA-4,P,nh3,NA,13,Jul,2018
846,7/3/2018,2,N0,0,nh3,NA,14,Jul,2018
847,7/3/2018,2,N25,25,nh3,NA,15,Jul,2018
848,7/3/2018,2,N50,50,nh3,NA,16,Jul,2018
849,7/3/2018,2,N75,75,nh3,NA,17,Jul,2018
850,7/3/2018,2,N100,100,nh3,NA,18,Jul,2018
851,7/3/2018,2,CV-1,C,nh3,NA,19,Jul,2018
852,7/3/2018,2,CV-2,C,nh3,NA,20,Jul,2018
853,7/3/2018,2,CV-3,C,nh3,NA,21,Jul,2018
854,7/3/2018,2,CV-4,C,nh3,NA,22,Jul,2018
855,7/3/2018,2,PA-1,P,nh3,NA,23,Jul,2018
856,7/3/2018,2,PA-2,P,nh3,NA,24,Jul,2018
857,7/3/2018,2,PA-3,P,nh3,NA,25,Jul,2018
858,7/3/2018,2,PA-4,P,nh3,NA,26,Jul,2018
859,7/3/2018,3,N0,0,nh3,NA,27,Jul,2018
860,7/3/2018,3,N25,25,nh3,NA,28,Jul,2018
861,7/3/2018,3,N50,50,nh3,0.34,29,Jul,2018
862,7/3/2018,3,N75,75,nh3,NA,30,Jul,2018
863,7/3/2018,3,N100,100,nh3,NA,31,Jul,2018
864,7/3/2018,3,CV-1,C,nh3,0.51,32,Jul,2018
865,7/3/2018,3,CV-2,C,nh3,0.57,33,Jul,2018
866,7/3/2018,3,CV-3,C,nh3,0.76,34,Jul,2018
867,7/3/2018,3,CV-4,C,nh3,0.28,35,Jul,2018
868,7/3/2018,3,PA-1,P,nh3,0.3,36,Jul,2018
869,7/3/2018,3,PA-2,P,nh3,NA,37,Jul,2018
870,7/3/2018,3,PA-3,P,nh3,NA,38,Jul,2018
871,7/3/2018,3,PA-4,P,nh3,NA,39,Jul,2018
872,7/3/2018,4,N0,0,nh3,0.44,40,Jul,2018
873,7/3/2018,4,N25,25,nh3,NA,41,Jul,2018
874,7/3/2018,4,N50,50,nh3,0.74,42,Jul,2018
875,7/3/2018,4,N75,75,nh3,NA,43,Jul,2018
876,7/3/2018,4,N100,100,nh3,NA,44,Jul,2018
877,7/3/2018,4,CV-1,C,nh3,NA,45,Jul,2018
878,7/3/2018,4,CV-2,C,nh3,0.45,46,Jul,2018
879,7/3/2018,4,CV-3,C,nh3,0.68,47,Jul,2018
880,7/3/2018,4,CV-4,C,nh3,0.33,48,Jul,2018
881,7/3/2018,4,PA-1,P,nh3,0.21,49,Jul,2018
882,7/3/2018,4,PA-2,P,nh3,NA,50,Jul,2018
883,7/3/2018,4,PA-3,P,nh3,0.18,51,Jul,2018
884,7/3/2018,4,PA-4,P,nh3,NA,52,Jul,2018
885,7/3/2018,1,N0,0,no3,NA,1,Jul,2018
886,7/3/2018,1,N25,25,no3,NA,2,Jul,2018
887,7/3/2018,1,N50,50,no3,NA,3,Jul,2018
888,7/3/2018,1,N75,75,no3,NA,4,Jul,2018
889,7/3/2018,1,N100,100,no3,NA,5,Jul,2018
890,7/3/2018,1,CV-1,C,no3,NA,6,Jul,2018
891,7/3/2018,1,CV-2,C,no3,NA,7,Jul,2018
892,7/3/2018,1,CV-3,C,no3,NA,8,Jul,2018
893,7/3/2018,1,CV-4,C,no3,0.55,9,Jul,2018
894,7/3/2018,1,PA-1,P,no3,NA,10,Jul,2018
895,7/3/2018,1,PA-2,P,no3,NA,11,Jul,2018
896,7/3/2018,1,PA-3,P,no3,NA,12,Jul,2018
897,7/3/2018,1,PA-4,P,no3,NA,13,Jul,2018
898,7/3/2018,2,N0,0,no3,NA,14,Jul,2018
899,7/3/2018,2,N25,25,no3,NA,15,Jul,2018
900,7/3/2018,2,N50,50,no3,NA,16,Jul,2018
901,7/3/2018,2,N75,75,no3,NA,17,Jul,2018
902,7/3/2018,2,N100,100,no3,NA,18,Jul,2018
903,7/3/2018,2,CV-1,C,no3,NA,19,Jul,2018
904,7/3/2018,2,CV-2,C,no3,NA,20,Jul,2018
905,7/3/2018,2,CV-3,C,no3,NA,21,Jul,2018
906,7/3/2018,2,CV-4,C,no3,NA,22,Jul,2018
907,7/3/2018,2,PA-1,P,no3,NA,23,Jul,2018
908,7/3/2018,2,PA-2,P,no3,NA,24,Jul,2018
909,7/3/2018,2,PA-3,P,no3,NA,25,Jul,2018
910,7/3/2018,2,PA-4,P,no3,NA,26,Jul,2018
911,7/3/2018,3,N0,0,no3,NA,27,Jul,2018
912,7/3/2018,3,N25,25,no3,NA,28,Jul,2018
913,7/3/2018,3,N50,50,no3,1.66,29,Jul,2018
914,7/3/2018,3,N75,75,no3,NA,30,Jul,2018
915,7/3/2018,3,N100,100,no3,NA,31,Jul,2018
916,7/3/2018,3,CV-1,C,no3,1.3,32,Jul,2018
917,7/3/2018,3,CV-2,C,no3,1.71,33,Jul,2018
918,7/3/2018,3,CV-3,C,no3,0,34,Jul,2018
919,7/3/2018,3,CV-4,C,no3,34.55,35,Jul,2018
920,7/3/2018,3,PA-1,P,no3,0.25,36,Jul,2018
921,7/3/2018,3,PA-2,P,no3,NA,37,Jul,2018
922,7/3/2018,3,PA-3,P,no3,NA,38,Jul,2018
923,7/3/2018,3,PA-4,P,no3,NA,39,Jul,2018
924,7/3/2018,4,N0,0,no3,0.01,40,Jul,2018
925,7/3/2018,4,N25,25,no3,NA,41,Jul,2018
926,7/3/2018,4,N50,50,no3,0.19,42,Jul,2018
927,7/3/2018,4,N75,75,no3,NA,43,Jul,2018
928,7/3/2018,4,N100,100,no3,NA,44,Jul,2018
929,7/3/2018,4,CV-1,C,no3,NA,45,Jul,2018
930,7/3/2018,4,CV-2,C,no3,0,46,Jul,2018
931,7/3/2018,4,CV-3,C,no3,3.28,47,Jul,2018
932,7/3/2018,4,CV-4,C,no3,17.4,48,Jul,2018
933,7/3/2018,4,PA-1,P,no3,0.43,49,Jul,2018
934,7/3/2018,4,PA-2,P,no3,NA,50,Jul,2018
935,7/3/2018,4,PA-3,P,no3,4.84,51,Jul,2018
936,7/3/2018,4,PA-4,P,no3,NA,52,Jul,2018
937,1/3/2019,1,N0,0,nh3,NA,1,Jan,2019
938,1/3/2019,1,N25,25,nh3,1.87,2,Jan,2019
939,1/3/2019,1,N50,50,nh3,1.05,3,Jan,2019
940,1/3/2019,1,N75,75,nh3,1.36,4,Jan,2019
941,1/3/2019,1,N100,100,nh3,1.31,5,Jan,2019
942,1/3/2019,1,CV-1,C,nh3,1.35,6,Jan,2019
943,1/3/2019,1,CV-2,C,nh3,1.11,7,Jan,2019
944,1/3/2019,1,CV-3,C,nh3,NA,8,Jan,2019
945,1/3/2019,1,CV-4,C,nh3,2.94,9,Jan,2019
946,1/3/2019,1,PA-1,P,nh3,NA,10,Jan,2019
947,1/3/2019,1,PA-2,P,nh3,1.29,11,Jan,2019
948,1/3/2019,1,PA-3,P,nh3,NA,12,Jan,2019
949,1/3/2019,1,PA-4,P,nh3,1.09,13,Jan,2019
950,1/3/2019,2,N0,0,nh3,2.17,14,Jan,2019
951,1/3/2019,2,N25,25,nh3,1.13,15,Jan,2019
952,1/3/2019,2,N50,50,nh3,1.14,16,Jan,2019
953,1/3/2019,2,N75,75,nh3,2.29,17,Jan,2019
954,1/3/2019,2,N100,100,nh3,0.43,18,Jan,2019
955,1/3/2019,2,CV-1,C,nh3,0.38,19,Jan,2019
956,1/3/2019,2,CV-2,C,nh3,0.4,20,Jan,2019
957,1/3/2019,2,CV-3,C,nh3,0.44,21,Jan,2019
958,1/3/2019,2,CV-4,C,nh3,0.33,22,Jan,2019
959,1/3/2019,2,PA-1,P,nh3,0.52,23,Jan,2019
960,1/3/2019,2,PA-2,P,nh3,0.42,24,Jan,2019
961,1/3/2019,2,PA-3,P,nh3,0.72,25,Jan,2019
962,1/3/2019,2,PA-4,P,nh3,NA,26,Jan,2019
963,1/3/2019,3,N0,0,nh3,0.72,27,Jan,2019
964,1/3/2019,3,N25,25,nh3,NA,28,Jan,2019
965,1/3/2019,3,N50,50,nh3,0.62,29,Jan,2019
966,1/3/2019,3,N75,75,nh3,1.08,30,Jan,2019
967,1/3/2019,3,N100,100,nh3,0.65,31,Jan,2019
968,1/3/2019,3,CV-1,C,nh3,0.5,32,Jan,2019
969,1/3/2019,3,CV-2,C,nh3,0.62,33,Jan,2019
970,1/3/2019,3,CV-3,C,nh3,0.57,34,Jan,2019
971,1/3/2019,3,CV-4,C,nh3,0.59,35,Jan,2019
972,1/3/2019,3,PA-1,P,nh3,0.9,36,Jan,2019
973,1/3/2019,3,PA-2,P,nh3,0.38,37,Jan,2019
974,1/3/2019,3,PA-3,P,nh3,0.39,38,Jan,2019
975,1/3/2019,3,PA-4,P,nh3,0.6,39,Jan,2019
976,1/3/2019,4,N0,0,nh3,0.75,40,Jan,2019
977,1/3/2019,4,N25,25,nh3,1.27,41,Jan,2019
978,1/3/2019,4,N50,50,nh3,1.4,42,Jan,2019
979,1/3/2019,4,N75,75,nh3,0.73,43,Jan,2019
980,1/3/2019,4,N100,100,nh3,1.14,44,Jan,2019
981,1/3/2019,4,CV-1,C,nh3,0.36,45,Jan,2019
982,1/3/2019,4,CV-2,C,nh3,0.98,46,Jan,2019
983,1/3/2019,4,CV-3,C,nh3,NA,47,Jan,2019
984,1/3/2019,4,CV-4,C,nh3,0.22,48,Jan,2019
985,1/3/2019,4,PA-1,P,nh3,0.22,49,Jan,2019
986,1/3/2019,4,PA-2,P,nh3,1.23,50,Jan,2019
987,1/3/2019,4,PA-3,P,nh3,0.68,51,Jan,2019
988,1/3/2019,4,PA-4,P,nh3,0.69,52,Jan,2019
989,1/3/2019,1,N0,0,no3,NA,1,Jan,2019
990,1/3/2019,1,N25,25,no3,2.23,2,Jan,2019
991,1/3/2019,1,N50,50,no3,2.28,3,Jan,2019
992,1/3/2019,1,N75,75,no3,28.45,4,Jan,2019
993,1/3/2019,1,N100,100,no3,5.68,5,Jan,2019
994,1/3/2019,1,CV-1,C,no3,39.76,6,Jan,2019
995,1/3/2019,1,CV-2,C,no3,20.53,7,Jan,2019
996,1/3/2019,1,CV-3,C,no3,NA,8,Jan,2019
997,1/3/2019,1,CV-4,C,no3,33.37,9,Jan,2019
998,1/3/2019,1,PA-1,P,no3,NA,10,Jan,2019
999,1/3/2019,1,PA-2,P,no3,70.23,11,Jan,2019
1000,1/3/2019,1,PA-3,P,no3,NA,12,Jan,2019
1001,1/3/2019,1,PA-4,P,no3,21.52,13,Jan,2019
1002,1/3/2019,2,N0,0,no3,0.01,14,Jan,2019
1003,1/3/2019,2,N25,25,no3,3.25,15,Jan,2019
1004,1/3/2019,2,N50,50,no3,0.26,16,Jan,2019
1005,1/3/2019,2,N75,75,no3,0.23,17,Jan,2019
1006,1/3/2019,2,N100,100,no3,10.88,18,Jan,2019
1007,1/3/2019,2,CV-1,C,no3,17.6,19,Jan,2019
1008,1/3/2019,2,CV-2,C,no3,1,20,Jan,2019
1009,1/3/2019,2,CV-3,C,no3,15.3,21,Jan,2019
1010,1/3/2019,2,CV-4,C,no3,18.56,22,Jan,2019
1011,1/3/2019,2,PA-1,P,no3,0.14,23,Jan,2019
1012,1/3/2019,2,PA-2,P,no3,11.22,24,Jan,2019
1013,1/3/2019,2,PA-3,P,no3,1.17,25,Jan,2019
1014,1/3/2019,2,PA-4,P,no3,NA,26,Jan,2019
1015,1/3/2019,3,N0,0,no3,0.09,27,Jan,2019
1016,1/3/2019,3,N25,25,no3,NA,28,Jan,2019
1017,1/3/2019,3,N50,50,no3,24.04,29,Jan,2019
1018,1/3/2019,3,N75,75,no3,0.17,30,Jan,2019
1019,1/3/2019,3,N100,100,no3,11.91,31,Jan,2019
1020,1/3/2019,3,CV-1,C,no3,7.02,32,Jan,2019
1021,1/3/2019,3,CV-2,C,no3,1.71,33,Jan,2019
1022,1/3/2019,3,CV-3,C,no3,0.4,34,Jan,2019
1023,1/3/2019,3,CV-4,C,no3,77.82,35,Jan,2019
1024,1/3/2019,3,PA-1,P,no3,0.04,36,Jan,2019
1025,1/3/2019,3,PA-2,P,no3,10.53,37,Jan,2019
1026,1/3/2019,3,PA-3,P,no3,59.05,38,Jan,2019
1027,1/3/2019,3,PA-4,P,no3,4.16,39,Jan,2019
1028,1/3/2019,4,N0,0,no3,0.01,40,Jan,2019
1029,1/3/2019,4,N25,25,no3,0,41,Jan,2019
1030,1/3/2019,4,N50,50,no3,3.15,42,Jan,2019
1031,1/3/2019,4,N75,75,no3,17.99,43,Jan,2019
1032,1/3/2019,4,N100,100,no3,35.96,44,Jan,2019
1033,1/3/2019,4,CV-1,C,no3,0.07,45,Jan,2019
1034,1/3/2019,4,CV-2,C,no3,0.09,46,Jan,2019
1035,1/3/2019,4,CV-3,C,no3,NA,47,Jan,2019
1036,1/3/2019,4,CV-4,C,no3,7.06,48,Jan,2019
1037,1/3/2019,4,PA-1,P,no3,15.17,49,Jan,2019
1038,1/3/2019,4,PA-2,P,no3,2.13,50,Jan,2019
1039,1/3/2019,4,PA-3,P,no3,0.22,51,Jan,2019
1040,1/3/2019,4,PA-4,P,no3,5.88,52,Jan,2019
1041,1/15/2019,1,N0,0,nh3,NA,1,Jan,2019
1042,1/15/2019,1,N25,25,nh3,2.28,2,Jan,2019
1043,1/15/2019,1,N50,50,nh3,1.26,3,Jan,2019
1044,1/15/2019,1,N75,75,nh3,1.05,4,Jan,2019
1045,1/15/2019,1,N100,100,nh3,1,5,Jan,2019
1046,1/15/2019,1,CV-1,C,nh3,NA,6,Jan,2019
1047,1/15/2019,1,CV-2,C,nh3,NA,7,Jan,2019
1048,1/15/2019,1,CV-3,C,nh3,NA,8,Jan,2019
1049,1/15/2019,1,CV-4,C,nh3,1.31,9,Jan,2019
1050,1/15/2019,1,PA-1,P,nh3,2.62,10,Jan,2019
1051,1/15/2019,1,PA-2,P,nh3,1.26,11,Jan,2019
1052,1/15/2019,1,PA-3,P,nh3,NA,12,Jan,2019
1053,1/15/2019,1,PA-4,P,nh3,1.26,13,Jan,2019
1054,1/15/2019,2,N0,0,nh3,1.06,14,Jan,2019
1055,1/15/2019,2,N25,25,nh3,0.26,15,Jan,2019
1056,1/15/2019,2,N50,50,nh3,0.6,16,Jan,2019
1057,1/15/2019,2,N75,75,nh3,0.7,17,Jan,2019
1058,1/15/2019,2,N100,100,nh3,1.06,18,Jan,2019
1059,1/15/2019,2,CV-1,C,nh3,0.78,19,Jan,2019
1060,1/15/2019,2,CV-2,C,nh3,0.46,20,Jan,2019
1061,1/15/2019,2,CV-3,C,nh3,0.34,21,Jan,2019
1062,1/15/2019,2,CV-4,C,nh3,0.43,22,Jan,2019
1063,1/15/2019,2,PA-1,P,nh3,0.51,23,Jan,2019
1064,1/15/2019,2,PA-2,P,nh3,0.31,24,Jan,2019
1065,1/15/2019,2,PA-3,P,nh3,0.72,25,Jan,2019
1066,1/15/2019,2,PA-4,P,nh3,0.82,26,Jan,2019
1067,1/15/2019,3,N0,0,nh3,0.39,27,Jan,2019
1068,1/15/2019,3,N25,25,nh3,NA,28,Jan,2019
1069,1/15/2019,3,N50,50,nh3,0.45,29,Jan,2019
1070,1/15/2019,3,N75,75,nh3,1.28,30,Jan,2019
1071,1/15/2019,3,N100,100,nh3,0.55,31,Jan,2019
1072,1/15/2019,3,CV-1,C,nh3,0.49,32,Jan,2019
1073,1/15/2019,3,CV-2,C,nh3,NA,33,Jan,2019
1074,1/15/2019,3,CV-3,C,nh3,0.47,34,Jan,2019
1075,1/15/2019,3,CV-4,C,nh3,0.55,35,Jan,2019
1076,1/15/2019,3,PA-1,P,nh3,0.52,36,Jan,2019
1077,1/15/2019,3,PA-2,P,nh3,0.52,37,Jan,2019
1078,1/15/2019,3,PA-3,P,nh3,0.59,38,Jan,2019
1079,1/15/2019,3,PA-4,P,nh3,0.28,39,Jan,2019
1080,1/15/2019,4,N0,0,nh3,0.21,40,Jan,2019
1081,1/15/2019,4,N25,25,nh3,0.46,41,Jan,2019
1082,1/15/2019,4,N50,50,nh3,0.93,42,Jan,2019
1083,1/15/2019,4,N75,75,nh3,0.93,43,Jan,2019
1084,1/15/2019,4,N100,100,nh3,0.76,44,Jan,2019
1085,1/15/2019,4,CV-1,C,nh3,1.77,45,Jan,2019
1086,1/15/2019,4,CV-2,C,nh3,1.15,46,Jan,2019
1087,1/15/2019,4,CV-3,C,nh3,NA,47,Jan,2019
1088,1/15/2019,4,CV-4,C,nh3,0.35,48,Jan,2019
1089,1/15/2019,4,PA-1,P,nh3,0.5,49,Jan,2019
1090,1/15/2019,4,PA-2,P,nh3,0.93,50,Jan,2019
1091,1/15/2019,4,PA-3,P,nh3,0.85,51,Jan,2019
1092,1/15/2019,4,PA-4,P,nh3,0.46,52,Jan,2019
1093,1/15/2019,1,N0,0,no3,NA,1,Jan,2019
1094,1/15/2019,1,N25,25,no3,1.29,2,Jan,2019
1095,1/15/2019,1,N50,50,no3,1.77,3,Jan,2019
1096,1/15/2019,1,N75,75,no3,15.21,4,Jan,2019
1097,1/15/2019,1,N100,100,no3,2.09,5,Jan,2019
1098,1/15/2019,1,CV-1,C,no3,NA,6,Jan,2019
1099,1/15/2019,1,CV-2,C,no3,NA,7,Jan,2019
1100,1/15/2019,1,CV-3,C,no3,NA,8,Jan,2019
1101,1/15/2019,1,CV-4,C,no3,23.33,9,Jan,2019
1102,1/15/2019,1,PA-1,P,no3,3.2,10,Jan,2019
1103,1/15/2019,1,PA-2,P,no3,22.46,11,Jan,2019
1104,1/15/2019,1,PA-3,P,no3,NA,12,Jan,2019
1105,1/15/2019,1,PA-4,P,no3,13.14,13,Jan,2019
1106,1/15/2019,2,N0,0,no3,0.01,14,Jan,2019
1107,1/15/2019,2,N25,25,no3,2.5,15,Jan,2019
1108,1/15/2019,2,N50,50,no3,0.1,16,Jan,2019
1109,1/15/2019,2,N75,75,no3,0.06,17,Jan,2019
1110,1/15/2019,2,N100,100,no3,15.64,18,Jan,2019
1111,1/15/2019,2,CV-1,C,no3,19.06,19,Jan,2019
1112,1/15/2019,2,CV-2,C,no3,0.19,20,Jan,2019
1113,1/15/2019,2,CV-3,C,no3,15.92,21,Jan,2019
1114,1/15/2019,2,CV-4,C,no3,17.78,22,Jan,2019
1115,1/15/2019,2,PA-1,P,no3,0.02,23,Jan,2019
1116,1/15/2019,2,PA-2,P,no3,7.51,24,Jan,2019
1117,1/15/2019,2,PA-3,P,no3,4.62,25,Jan,2019
1118,1/15/2019,2,PA-4,P,no3,4.31,26,Jan,2019
1119,1/15/2019,3,N0,0,no3,0.02,27,Jan,2019
1120,1/15/2019,3,N25,25,no3,NA,28,Jan,2019
1121,1/15/2019,3,N50,50,no3,24.09,29,Jan,2019
1122,1/15/2019,3,N75,75,no3,0.17,30,Jan,2019
1123,1/15/2019,3,N100,100,no3,22.39,31,Jan,2019
1124,1/15/2019,3,CV-1,C,no3,9.73,32,Jan,2019
1125,1/15/2019,3,CV-2,C,no3,NA,33,Jan,2019
1126,1/15/2019,3,CV-3,C,no3,0.05,34,Jan,2019
1127,1/15/2019,3,CV-4,C,no3,57.71,35,Jan,2019
1128,1/15/2019,3,PA-1,P,no3,0.01,36,Jan,2019
1129,1/15/2019,3,PA-2,P,no3,18.04,37,Jan,2019
1130,1/15/2019,3,PA-3,P,no3,54.75,38,Jan,2019
1131,1/15/2019,3,PA-4,P,no3,7.2,39,Jan,2019
1132,1/15/2019,4,N0,0,no3,0,40,Jan,2019
1133,1/15/2019,4,N25,25,no3,0.03,41,Jan,2019
1134,1/15/2019,4,N50,50,no3,3.44,42,Jan,2019
1135,1/15/2019,4,N75,75,no3,21.85,43,Jan,2019
1136,1/15/2019,4,N100,100,no3,37.36,44,Jan,2019
1137,1/15/2019,4,CV-1,C,no3,0.17,45,Jan,2019
1138,1/15/2019,4,CV-2,C,no3,0.03,46,Jan,2019
1139,1/15/2019,4,CV-3,C,no3,NA,47,Jan,2019
1140,1/15/2019,4,CV-4,C,no3,6.13,48,Jan,2019
1141,1/15/2019,4,PA-1,P,no3,12.02,49,Jan,2019
1142,1/15/2019,4,PA-2,P,no3,0.04,50,Jan,2019
1143,1/15/2019,4,PA-3,P,no3,0.05,51,Jan,2019
1144,1/15/2019,4,PA-4,P,no3,6.85,52,Jan,2019
1145,1/29/2019,1,N0,0,nh3,NA,1,Jan,2019
1146,1/29/2019,1,N25,25,nh3,2.34,2,Jan,2019
1147,1/29/2019,1,N50,50,nh3,1.09,3,Jan,2019
1148,1/29/2019,1,N75,75,nh3,1.13,4,Jan,2019
1149,1/29/2019,1,N100,100,nh3,0.92,5,Jan,2019
1150,1/29/2019,1,CV-1,C,nh3,NA,6,Jan,2019
1151,1/29/2019,1,CV-2,C,nh3,1.92,7,Jan,2019
1152,1/29/2019,1,CV-3,C,nh3,5.31,8,Jan,2019
1153,1/29/2019,1,CV-4,C,nh3,3.27,9,Jan,2019
1154,1/29/2019,1,PA-1,P,nh3,1.69,10,Jan,2019
1155,1/29/2019,1,PA-2,P,nh3,1.19,11,Jan,2019
1156,1/29/2019,1,PA-3,P,nh3,NA,12,Jan,2019
1157,1/29/2019,1,PA-4,P,nh3,0.61,13,Jan,2019
1158,1/29/2019,2,N0,0,nh3,1.01,14,Jan,2019
1159,1/29/2019,2,N25,25,nh3,0.51,15,Jan,2019
1160,1/29/2019,2,N50,50,nh3,0.66,16,Jan,2019
1161,1/29/2019,2,N75,75,nh3,0.67,17,Jan,2019
1162,1/29/2019,2,N100,100,nh3,0.46,18,Jan,2019
1163,1/29/2019,2,CV-1,C,nh3,0.34,19,Jan,2019
1164,1/29/2019,2,CV-2,C,nh3,0.46,20,Jan,2019
1165,1/29/2019,2,CV-3,C,nh3,0.59,21,Jan,2019
1166,1/29/2019,2,CV-4,C,nh3,0.26,22,Jan,2019
1167,1/29/2019,2,PA-1,P,nh3,0.62,23,Jan,2019
1168,1/29/2019,2,PA-2,P,nh3,0.57,24,Jan,2019
1169,1/29/2019,2,PA-3,P,nh3,NA,25,Jan,2019
1170,1/29/2019,2,PA-4,P,nh3,0.5,26,Jan,2019
1171,1/29/2019,3,N0,0,nh3,0.77,27,Jan,2019
1172,1/29/2019,3,N25,25,nh3,NA,28,Jan,2019
1173,1/29/2019,3,N50,50,nh3,0.35,29,Jan,2019
1174,1/29/2019,3,N75,75,nh3,1.01,30,Jan,2019
1175,1/29/2019,3,N100,100,nh3,1.39,31,Jan,2019
1176,1/29/2019,3,CV-1,C,nh3,0.48,32,Jan,2019
1177,1/29/2019,3,CV-2,C,nh3,0.56,33,Jan,2019
1178,1/29/2019,3,CV-3,C,nh3,NA,34,Jan,2019
1179,1/29/2019,3,CV-4,C,nh3,NA,35,Jan,2019
1180,1/29/2019,3,PA-1,P,nh3,0.61,36,Jan,2019
1181,1/29/2019,3,PA-2,P,nh3,0.66,37,Jan,2019
1182,1/29/2019,3,PA-3,P,nh3,0.96,38,Jan,2019
1183,1/29/2019,3,PA-4,P,nh3,0.68,39,Jan,2019
1184,1/29/2019,4,N0,0,nh3,NA,40,Jan,2019
1185,1/29/2019,4,N25,25,nh3,0.37,41,Jan,2019
1186,1/29/2019,4,N50,50,nh3,0.46,42,Jan,2019
1187,1/29/2019,4,N75,75,nh3,NA,43,Jan,2019
1188,1/29/2019,4,N100,100,nh3,NA,44,Jan,2019
1189,1/29/2019,4,CV-1,C,nh3,0.49,45,Jan,2019
1190,1/29/2019,4,CV-2,C,nh3,0.92,46,Jan,2019
1191,1/29/2019,4,CV-3,C,nh3,NA,47,Jan,2019
1192,1/29/2019,4,CV-4,C,nh3,0.75,48,Jan,2019
1193,1/29/2019,4,PA-1,P,nh3,0.45,49,Jan,2019
1194,1/29/2019,4,PA-2,P,nh3,1.83,50,Jan,2019
1195,1/29/2019,4,PA-3,P,nh3,0.4,51,Jan,2019
1196,1/29/2019,4,PA-4,P,nh3,NA,52,Jan,2019
1197,1/29/2019,1,N0,0,no3,NA,1,Jan,2019
1198,1/29/2019,1,N25,25,no3,0.91,2,Jan,2019
1199,1/29/2019,1,N50,50,no3,1.18,3,Jan,2019
1200,1/29/2019,1,N75,75,no3,15.42,4,Jan,2019
1201,1/29/2019,1,N100,100,no3,1.43,5,Jan,2019
1202,1/29/2019,1,CV-1,C,no3,NA,6,Jan,2019
1203,1/29/2019,1,CV-2,C,no3,10.36,7,Jan,2019
1204,1/29/2019,1,CV-3,C,no3,6.34,8,Jan,2019
1205,1/29/2019,1,CV-4,C,no3,17.6,9,Jan,2019
1206,1/29/2019,1,PA-1,P,no3,1.23,10,Jan,2019
1207,1/29/2019,1,PA-2,P,no3,11.5,11,Jan,2019
1208,1/29/2019,1,PA-3,P,no3,NA,12,Jan,2019
1209,1/29/2019,1,PA-4,P,no3,14.51,13,Jan,2019
1210,1/29/2019,2,N0,0,no3,0,14,Jan,2019
1211,1/29/2019,2,N25,25,no3,2.19,15,Jan,2019
1212,1/29/2019,2,N50,50,no3,0.02,16,Jan,2019
1213,1/29/2019,2,N75,75,no3,0.03,17,Jan,2019
1214,1/29/2019,2,N100,100,no3,17.57,18,Jan,2019
1215,1/29/2019,2,CV-1,C,no3,20.19,19,Jan,2019
1216,1/29/2019,2,CV-2,C,no3,0.06,20,Jan,2019
1217,1/29/2019,2,CV-3,C,no3,13.94,21,Jan,2019
1218,1/29/2019,2,CV-4,C,no3,17.64,22,Jan,2019
1219,1/29/2019,2,PA-1,P,no3,0,23,Jan,2019
1220,1/29/2019,2,PA-2,P,no3,5.04,24,Jan,2019
1221,1/29/2019,2,PA-3,P,no3,NA,25,Jan,2019
1222,1/29/2019,2,PA-4,P,no3,2.78,26,Jan,2019
1223,1/29/2019,3,N0,0,no3,0.6,27,Jan,2019
1224,1/29/2019,3,N25,25,no3,NA,28,Jan,2019
1225,1/29/2019,3,N50,50,no3,20.9,29,Jan,2019
1226,1/29/2019,3,N75,75,no3,0.03,30,Jan,2019
1227,1/29/2019,3,N100,100,no3,1.91,31,Jan,2019
1228,1/29/2019,3,CV-1,C,no3,7.92,32,Jan,2019
1229,1/29/2019,3,CV-2,C,no3,4.63,33,Jan,2019
1230,1/29/2019,3,CV-3,C,no3,NA,34,Jan,2019
1231,1/29/2019,3,CV-4,C,no3,NA,35,Jan,2019
1232,1/29/2019,3,PA-1,P,no3,0.31,36,Jan,2019
1233,1/29/2019,3,PA-2,P,no3,19.59,37,Jan,2019
1234,1/29/2019,3,PA-3,P,no3,60.07,38,Jan,2019
1235,1/29/2019,3,PA-4,P,no3,3.83,39,Jan,2019
1236,1/29/2019,4,N0,0,no3,NA,40,Jan,2019
1237,1/29/2019,4,N25,25,no3,0,41,Jan,2019
1238,1/29/2019,4,N50,50,no3,3.41,42,Jan,2019
1239,1/29/2019,4,N75,75,no3,NA,43,Jan,2019
1240,1/29/2019,4,N100,100,no3,NA,44,Jan,2019
1241,1/29/2019,4,CV-1,C,no3,0,45,Jan,2019
1242,1/29/2019,4,CV-2,C,no3,0,46,Jan,2019
1243,1/29/2019,4,CV-3,C,no3,NA,47,Jan,2019
1244,1/29/2019,4,CV-4,C,no3,4.29,48,Jan,2019
1245,1/29/2019,4,PA-1,P,no3,7.89,49,Jan,2019
1246,1/29/2019,4,PA-2,P,no3,0,50,Jan,2019
1247,1/29/2019,4,PA-3,P,no3,0,51,Jan,2019
1248,1/29/2019,4,PA-4,P,no3,NA,52,Jan,2019
1249,2/12/2019,1,N0,0,nh3,NA,1,Feb,2019
1250,2/12/2019,1,N25,25,nh3,2.95,2,Feb,2019
1251,2/12/2019,1,N50,50,nh3,2.18,3,Feb,2019
1252,2/12/2019,1,N75,75,nh3,1.13,4,Feb,2019
1253,2/12/2019,1,N100,100,nh3,1.35,5,Feb,2019
1254,2/12/2019,1,CV-1,C,nh3,NA,6,Feb,2019
1255,2/12/2019,1,CV-2,C,nh3,1.75,7,Feb,2019
1256,2/12/2019,1,CV-3,C,nh3,3.22,8,Feb,2019
1257,2/12/2019,1,CV-4,C,nh3,2.14,9,Feb,2019
1258,2/12/2019,1,PA-1,P,nh3,1.84,10,Feb,2019
1259,2/12/2019,1,PA-2,P,nh3,1.59,11,Feb,2019
1260,2/12/2019,1,PA-3,P,nh3,NA,12,Feb,2019
1261,2/12/2019,1,PA-4,P,nh3,0.75,13,Feb,2019
1262,2/12/2019,2,N0,0,nh3,0.56,14,Feb,2019
1263,2/12/2019,2,N25,25,nh3,0.76,15,Feb,2019
1264,2/12/2019,2,N50,50,nh3,1,16,Feb,2019
1265,2/12/2019,2,N75,75,nh3,0.98,17,Feb,2019
1266,2/12/2019,2,N100,100,nh3,0.64,18,Feb,2019
1267,2/12/2019,2,CV-1,C,nh3,0.62,19,Feb,2019
1268,2/12/2019,2,CV-2,C,nh3,0.67,20,Feb,2019
1269,2/12/2019,2,CV-3,C,nh3,0.75,21,Feb,2019
1270,2/12/2019,2,CV-4,C,nh3,0.45,22,Feb,2019
1271,2/12/2019,2,PA-1,P,nh3,NA,23,Feb,2019
1272,2/12/2019,2,PA-2,P,nh3,NA,24,Feb,2019
1273,2/12/2019,2,PA-3,P,nh3,NA,25,Feb,2019
1274,2/12/2019,2,PA-4,P,nh3,0.85,26,Feb,2019
1275,2/12/2019,3,N0,0,nh3,0.89,27,Feb,2019
1276,2/12/2019,3,N25,25,nh3,NA,28,Feb,2019
1277,2/12/2019,3,N50,50,nh3,0.68,29,Feb,2019
1278,2/12/2019,3,N75,75,nh3,1.33,30,Feb,2019
1279,2/12/2019,3,N100,100,nh3,0.54,31,Feb,2019
1280,2/12/2019,3,CV-1,C,nh3,0.63,32,Feb,2019
1281,2/12/2019,3,CV-2,C,nh3,1.22,33,Feb,2019
1282,2/12/2019,3,CV-3,C,nh3,0.86,34,Feb,2019
1283,2/12/2019,3,CV-4,C,nh3,0.99,35,Feb,2019
1284,2/12/2019,3,PA-1,P,nh3,0.96,36,Feb,2019
1285,2/12/2019,3,PA-2,P,nh3,0.92,37,Feb,2019
1286,2/12/2019,3,PA-3,P,nh3,1.51,38,Feb,2019
1287,2/12/2019,3,PA-4,P,nh3,0.53,39,Feb,2019
1288,2/12/2019,4,N0,0,nh3,0.61,40,Feb,2019
1289,2/12/2019,4,N25,25,nh3,1.22,41,Feb,2019
1290,2/12/2019,4,N50,50,nh3,0.74,42,Feb,2019
1291,2/12/2019,4,N75,75,nh3,NA,43,Feb,2019
1292,2/12/2019,4,N100,100,nh3,NA,44,Feb,2019
1293,2/12/2019,4,CV-1,C,nh3,1.04,45,Feb,2019
1294,2/12/2019,4,CV-2,C,nh3,0.98,46,Feb,2019
1295,2/12/2019,4,CV-3,C,nh3,NA,47,Feb,2019
1296,2/12/2019,4,CV-4,C,nh3,0.9,48,Feb,2019
1297,2/12/2019,4,PA-1,P,nh3,0.71,49,Feb,2019
1298,2/12/2019,4,PA-2,P,nh3,0.6,50,Feb,2019
1299,2/12/2019,4,PA-3,P,nh3,0.53,51,Feb,2019
1300,2/12/2019,4,PA-4,P,nh3,1.4,52,Feb,2019
1301,2/12/2019,1,N0,0,no3,NA,1,Feb,2019
1302,2/12/2019,1,N25,25,no3,1.79,2,Feb,2019
1303,2/12/2019,1,N50,50,no3,1.25,3,Feb,2019
1304,2/12/2019,1,N75,75,no3,14.59,4,Feb,2019
1305,2/12/2019,1,N100,100,no3,3.53,5,Feb,2019
1306,2/12/2019,1,CV-1,C,no3,NA,6,Feb,2019
1307,2/12/2019,1,CV-2,C,no3,8.94,7,Feb,2019
1308,2/12/2019,1,CV-3,C,no3,4.86,8,Feb,2019
1309,2/12/2019,1,CV-4,C,no3,21.24,9,Feb,2019
1310,2/12/2019,1,PA-1,P,no3,0.74,10,Feb,2019
1311,2/12/2019,1,PA-2,P,no3,7.55,11,Feb,2019
1312,2/12/2019,1,PA-3,P,no3,NA,12,Feb,2019
1313,2/12/2019,1,PA-4,P,no3,13.26,13,Feb,2019
1314,2/12/2019,2,N0,0,no3,0.07,14,Feb,2019
1315,2/12/2019,2,N25,25,no3,1.5,15,Feb,2019
1316,2/12/2019,2,N50,50,no3,0.02,16,Feb,2019
1317,2/12/2019,2,N75,75,no3,0,17,Feb,2019
1318,2/12/2019,2,N100,100,no3,20.85,18,Feb,2019
1319,2/12/2019,2,CV-1,C,no3,25.94,19,Feb,2019
1320,2/12/2019,2,CV-2,C,no3,0.02,20,Feb,2019
1321,2/12/2019,2,CV-3,C,no3,13.03,21,Feb,2019
1322,2/12/2019,2,CV-4,C,no3,21.02,22,Feb,2019
1323,2/12/2019,2,PA-1,P,no3,NA,23,Feb,2019
1324,2/12/2019,2,PA-2,P,no3,NA,24,Feb,2019
1325,2/12/2019,2,PA-3,P,no3,NA,25,Feb,2019
1326,2/12/2019,2,PA-4,P,no3,2.29,26,Feb,2019
1327,2/12/2019,3,N0,0,no3,0.01,27,Feb,2019
1328,2/12/2019,3,N25,25,no3,NA,28,Feb,2019
1329,2/12/2019,3,N50,50,no3,17.64,29,Feb,2019
1330,2/12/2019,3,N75,75,no3,0.32,30,Feb,2019
1331,2/12/2019,3,N100,100,no3,5.52,31,Feb,2019
1332,2/12/2019,3,CV-1,C,no3,2.44,32,Feb,2019
1333,2/12/2019,3,CV-2,C,no3,4.67,33,Feb,2019
1334,2/12/2019,3,CV-3,C,no3,0.32,34,Feb,2019
1335,2/12/2019,3,CV-4,C,no3,43.58,35,Feb,2019
1336,2/12/2019,3,PA-1,P,no3,0,36,Feb,2019
1337,2/12/2019,3,PA-2,P,no3,20.31,37,Feb,2019
1338,2/12/2019,3,PA-3,P,no3,47.27,38,Feb,2019
1339,2/12/2019,3,PA-4,P,no3,0.63,39,Feb,2019
1340,2/12/2019,4,N0,0,no3,0.05,40,Feb,2019
1341,2/12/2019,4,N25,25,no3,0.42,41,Feb,2019
1342,2/12/2019,4,N50,50,no3,2.45,42,Feb,2019
1343,2/12/2019,4,N75,75,no3,NA,43,Feb,2019
1344,2/12/2019,4,N100,100,no3,NA,44,Feb,2019
1345,2/12/2019,4,CV-1,C,no3,0.01,45,Feb,2019
1346,2/12/2019,4,CV-2,C,no3,0.09,46,Feb,2019
1347,2/12/2019,4,CV-3,C,no3,NA,47,Feb,2019
1348,2/12/2019,4,CV-4,C,no3,1.39,48,Feb,2019
1349,2/12/2019,4,PA-1,P,no3,3.01,49,Feb,2019
1350,2/12/2019,4,PA-2,P,no3,0.03,50,Feb,2019
1351,2/12/2019,4,PA-3,P,no3,0.04,51,Feb,2019
1352,2/12/2019,4,PA-4,P,no3,5.39,52,Feb,2019
1353,3/4/2019,1,N0,0,nh3,0.88,1,Mar,2019
1354,3/4/2019,1,N25,25,nh3,0.94,2,Mar,2019
1355,3/4/2019,1,N50,50,nh3,1.19,3,Mar,2019
1356,3/4/2019,1,N75,75,nh3,1.09,4,Mar,2019
1357,3/4/2019,1,N100,100,nh3,1.07,5,Mar,2019
1358,3/4/2019,1,CV-1,C,nh3,3.73,6,Mar,2019
1359,3/4/2019,1,CV-2,C,nh3,1.53,7,Mar,2019
1360,3/4/2019,1,CV-3,C,nh3,1.79,8,Mar,2019
1361,3/4/2019,1,CV-4,C,nh3,1.73,9,Mar,2019
1362,3/4/2019,1,PA-1,P,nh3,0.98,10,Mar,2019
1363,3/4/2019,1,PA-2,P,nh3,0.69,11,Mar,2019
1364,3/4/2019,1,PA-3,P,nh3,NA,12,Mar,2019
1365,3/4/2019,1,PA-4,P,nh3,NA,13,Mar,2019
1366,3/4/2019,2,N0,0,nh3,0.81,14,Mar,2019
1367,3/4/2019,2,N25,25,nh3,0.93,15,Mar,2019
1368,3/4/2019,2,N50,50,nh3,0.63,16,Mar,2019
1369,3/4/2019,2,N75,75,nh3,0.56,17,Mar,2019
1370,3/4/2019,2,N100,100,nh3,0.45,18,Mar,2019
1371,3/4/2019,2,CV-1,C,nh3,0.47,19,Mar,2019
1372,3/4/2019,2,CV-2,C,nh3,0.68,20,Mar,2019
1373,3/4/2019,2,CV-3,C,nh3,0.36,21,Mar,2019
1374,3/4/2019,2,CV-4,C,nh3,0.72,22,Mar,2019
1375,3/4/2019,2,PA-1,P,nh3,0.69,23,Mar,2019
1376,3/4/2019,2,PA-2,P,nh3,0.52,24,Mar,2019
1377,3/4/2019,2,PA-3,P,nh3,NA,25,Mar,2019
1378,3/4/2019,2,PA-4,P,nh3,0.43,26,Mar,2019
1379,3/4/2019,3,N0,0,nh3,0.61,27,Mar,2019
1380,3/4/2019,3,N25,25,nh3,NA,28,Mar,2019
1381,3/4/2019,3,N50,50,nh3,0.62,29,Mar,2019
1382,3/4/2019,3,N75,75,nh3,1.89,30,Mar,2019
1383,3/4/2019,3,N100,100,nh3,0.72,31,Mar,2019
1384,3/4/2019,3,CV-1,C,nh3,0.72,32,Mar,2019
1385,3/4/2019,3,CV-2,C,nh3,0.78,33,Mar,2019
1386,3/4/2019,3,CV-3,C,nh3,0.88,34,Mar,2019
1387,3/4/2019,3,CV-4,C,nh3,1.3,35,Mar,2019
1388,3/4/2019,3,PA-1,P,nh3,0.49,36,Mar,2019
1389,3/4/2019,3,PA-2,P,nh3,0.47,37,Mar,2019
1390,3/4/2019,3,PA-3,P,nh3,0.78,38,Mar,2019
1391,3/4/2019,3,PA-4,P,nh3,0.85,39,Mar,2019
1392,3/4/2019,4,N0,0,nh3,NA,40,Mar,2019
1393,3/4/2019,4,N25,25,nh3,1.35,41,Mar,2019
1394,3/4/2019,4,N50,50,nh3,0.89,42,Mar,2019
1395,3/4/2019,4,N75,75,nh3,NA,43,Mar,2019
1396,3/4/2019,4,N100,100,nh3,NA,44,Mar,2019
1397,3/4/2019,4,CV-1,C,nh3,0.59,45,Mar,2019
1398,3/4/2019,4,CV-2,C,nh3,0.66,46,Mar,2019
1399,3/4/2019,4,CV-3,C,nh3,0.67,47,Mar,2019
1400,3/4/2019,4,CV-4,C,nh3,0.67,48,Mar,2019
1401,3/4/2019,4,PA-1,P,nh3,0.64,49,Mar,2019
1402,3/4/2019,4,PA-2,P,nh3,0.64,50,Mar,2019
1403,3/4/2019,4,PA-3,P,nh3,0.74,51,Mar,2019
1404,3/4/2019,4,PA-4,P,nh3,0.33,52,Mar,2019
1405,3/4/2019,1,N0,0,no3,0.05,1,Mar,2019
1406,3/4/2019,1,N25,25,no3,2.81,2,Mar,2019
1407,3/4/2019,1,N50,50,no3,0.52,3,Mar,2019
1408,3/4/2019,1,N75,75,no3,12.72,4,Mar,2019
1409,3/4/2019,1,N100,100,no3,1.91,5,Mar,2019
1410,3/4/2019,1,CV-1,C,no3,10.46,6,Mar,2019
1411,3/4/2019,1,CV-2,C,no3,6.69,7,Mar,2019
1412,3/4/2019,1,CV-3,C,no3,4.22,8,Mar,2019
1413,3/4/2019,1,CV-4,C,no3,20,9,Mar,2019
1414,3/4/2019,1,PA-1,P,no3,0.38,10,Mar,2019
1415,3/4/2019,1,PA-2,P,no3,6.05,11,Mar,2019
1416,3/4/2019,1,PA-3,P,no3,NA,12,Mar,2019
1417,3/4/2019,1,PA-4,P,no3,NA,13,Mar,2019
1418,3/4/2019,2,N0,0,no3,0,14,Mar,2019
1419,3/4/2019,2,N25,25,no3,1.26,15,Mar,2019
1420,3/4/2019,2,N50,50,no3,0,16,Mar,2019
1421,3/4/2019,2,N75,75,no3,0,17,Mar,2019
1422,3/4/2019,2,N100,100,no3,21.35,18,Mar,2019
1423,3/4/2019,2,CV-1,C,no3,25.13,19,Mar,2019
1424,3/4/2019,2,CV-2,C,no3,0,20,Mar,2019
1425,3/4/2019,2,CV-3,C,no3,8.34,21,Mar,2019
1426,3/4/2019,2,CV-4,C,no3,20.55,22,Mar,2019
1427,3/4/2019,2,PA-1,P,no3,0,23,Mar,2019
1428,3/4/2019,2,PA-2,P,no3,1.66,24,Mar,2019
1429,3/4/2019,2,PA-3,P,no3,NA,25,Mar,2019
1430,3/4/2019,2,PA-4,P,no3,1.74,26,Mar,2019
1431,3/4/2019,3,N0,0,no3,0,27,Mar,2019
1432,3/4/2019,3,N25,25,no3,NA,28,Mar,2019
1433,3/4/2019,3,N50,50,no3,12.34,29,Mar,2019
1434,3/4/2019,3,N75,75,no3,0,30,Mar,2019
1435,3/4/2019,3,N100,100,no3,1.68,31,Mar,2019
1436,3/4/2019,3,CV-1,C,no3,0.47,32,Mar,2019
1437,3/4/2019,3,CV-2,C,no3,1.44,33,Mar,2019
1438,3/4/2019,3,CV-3,C,no3,0,34,Mar,2019
1439,3/4/2019,3,CV-4,C,no3,36.13,35,Mar,2019
1440,3/4/2019,3,PA-1,P,no3,0,36,Mar,2019
1441,3/4/2019,3,PA-2,P,no3,16.72,37,Mar,2019
1442,3/4/2019,3,PA-3,P,no3,29.11,38,Mar,2019
1443,3/4/2019,3,PA-4,P,no3,0,39,Mar,2019
1444,3/4/2019,4,N0,0,no3,NA,40,Mar,2019
1445,3/4/2019,4,N25,25,no3,0,41,Mar,2019
1446,3/4/2019,4,N50,50,no3,0.78,42,Mar,2019
1447,3/4/2019,4,N75,75,no3,NA,43,Mar,2019
1448,3/4/2019,4,N100,100,no3,NA,44,Mar,2019
1449,3/4/2019,4,CV-1,C,no3,0,45,Mar,2019
1450,3/4/2019,4,CV-2,C,no3,0.01,46,Mar,2019
1451,3/4/2019,4,CV-3,C,no3,0,47,Mar,2019
1452,3/4/2019,4,CV-4,C,no3,0.14,48,Mar,2019
1453,3/4/2019,4,PA-1,P,no3,1.89,49,Mar,2019
1454,3/4/2019,4,PA-2,P,no3,0,50,Mar,2019
1455,3/4/2019,4,PA-3,P,no3,0,51,Mar,2019
1456,3/4/2019,4,PA-4,P,no3,1.78,52,Mar,2019
1457,3/12/2019,1,N0,0,nh3,NA,1,Mar,2019
1458,3/12/2019,1,N25,25,nh3,1.15,2,Mar,2019
1459,3/12/2019,1,N50,50,nh3,0.68,3,Mar,2019
1460,3/12/2019,1,N75,75,nh3,0.75,4,Mar,2019
1461,3/12/2019,1,N100,100,nh3,0.36,5,Mar,2019
1462,3/12/2019,1,CV-1,C,nh3,1.21,6,Mar,2019
1463,3/12/2019,1,CV-2,C,nh3,0.9,7,Mar,2019
1464,3/12/2019,1,CV-3,C,nh3,3.54,8,Mar,2019
1465,3/12/2019,1,CV-4,C,nh3,1.39,9,Mar,2019
1466,3/12/2019,1,PA-1,P,nh3,NA,10,Mar,2019
1467,3/12/2019,1,PA-2,P,nh3,0.78,11,Mar,2019
1468,3/12/2019,1,PA-3,P,nh3,0.58,12,Mar,2019
1469,3/12/2019,1,PA-4,P,nh3,0.83,13,Mar,2019
1470,3/12/2019,2,N0,0,nh3,0.81,14,Mar,2019
1471,3/12/2019,2,N25,25,nh3,0.65,15,Mar,2019
1472,3/12/2019,2,N50,50,nh3,0.31,16,Mar,2019
1473,3/12/2019,2,N75,75,nh3,0.38,17,Mar,2019
1474,3/12/2019,2,N100,100,nh3,0.51,18,Mar,2019
1475,3/12/2019,2,CV-1,C,nh3,0.55,19,Mar,2019
1476,3/12/2019,2,CV-2,C,nh3,0.61,20,Mar,2019
1477,3/12/2019,2,CV-3,C,nh3,0.3,21,Mar,2019
1478,3/12/2019,2,CV-4,C,nh3,0.4,22,Mar,2019
1479,3/12/2019,2,PA-1,P,nh3,NA,23,Mar,2019
1480,3/12/2019,2,PA-2,P,nh3,0.38,24,Mar,2019
1481,3/12/2019,2,PA-3,P,nh3,NA,25,Mar,2019
1482,3/12/2019,2,PA-4,P,nh3,0.42,26,Mar,2019
1483,3/12/2019,3,N0,0,nh3,0.36,27,Mar,2019
1484,3/12/2019,3,N25,25,nh3,1.21,28,Mar,2019
1485,3/12/2019,3,N50,50,nh3,0.42,29,Mar,2019
1486,3/12/2019,3,N75,75,nh3,0.36,30,Mar,2019
1487,3/12/2019,3,N100,100,nh3,0.28,31,Mar,2019
1488,3/12/2019,3,CV-1,C,nh3,0.33,32,Mar,2019
1489,3/12/2019,3,CV-2,C,nh3,0.35,33,Mar,2019
1490,3/12/2019,3,CV-3,C,nh3,0.43,34,Mar,2019
1491,3/12/2019,3,CV-4,C,nh3,0.39,35,Mar,2019
1492,3/12/2019,3,PA-1,P,nh3,0.44,36,Mar,2019
1493,3/12/2019,3,PA-2,P,nh3,0.42,37,Mar,2019
1494,3/12/2019,3,PA-3,P,nh3,0.5,38,Mar,2019
1495,3/12/2019,3,PA-4,P,nh3,0.75,39,Mar,2019
1496,3/12/2019,4,N0,0,nh3,0.43,40,Mar,2019
1497,3/12/2019,4,N25,25,nh3,0.2,41,Mar,2019
1498,3/12/2019,4,N50,50,nh3,0.37,42,Mar,2019
1499,3/12/2019,4,N75,75,nh3,0.44,43,Mar,2019
1500,3/12/2019,4,N100,100,nh3,0.94,44,Mar,2019
1501,3/12/2019,4,CV-1,C,nh3,0.72,45,Mar,2019
1502,3/12/2019,4,CV-2,C,nh3,0.47,46,Mar,2019
1503,3/12/2019,4,CV-3,C,nh3,0.47,47,Mar,2019
1504,3/12/2019,4,CV-4,C,nh3,0.22,48,Mar,2019
1505,3/12/2019,4,PA-1,P,nh3,1.72,49,Mar,2019
1506,3/12/2019,4,PA-2,P,nh3,2.47,50,Mar,2019
1507,3/12/2019,4,PA-3,P,nh3,0.28,51,Mar,2019
1508,3/12/2019,4,PA-4,P,nh3,0.34,52,Mar,2019
1509,3/12/2019,1,N0,0,no3,NA,1,Mar,2019
1510,3/12/2019,1,N25,25,no3,1.16,2,Mar,2019
1511,3/12/2019,1,N50,50,no3,0.32,3,Mar,2019
1512,3/12/2019,1,N75,75,no3,8.68,4,Mar,2019
1513,3/12/2019,1,N100,100,no3,1.15,5,Mar,2019
1514,3/12/2019,1,CV-1,C,no3,11.7,6,Mar,2019
1515,3/12/2019,1,CV-2,C,no3,5.57,7,Mar,2019
1516,3/12/2019,1,CV-3,C,no3,2.88,8,Mar,2019
1517,3/12/2019,1,CV-4,C,no3,18.1,9,Mar,2019
1518,3/12/2019,1,PA-1,P,no3,NA,10,Mar,2019
1519,3/12/2019,1,PA-2,P,no3,5.37,11,Mar,2019
1520,3/12/2019,1,PA-3,P,no3,9.69,12,Mar,2019
1521,3/12/2019,1,PA-4,P,no3,14.3,13,Mar,2019
1522,3/12/2019,2,N0,0,no3,0.12,14,Mar,2019
1523,3/12/2019,2,N25,25,no3,1.19,15,Mar,2019
1524,3/12/2019,2,N50,50,no3,0.07,16,Mar,2019
1525,3/12/2019,2,N75,75,no3,0.01,17,Mar,2019
1526,3/12/2019,2,N100,100,no3,19.2,18,Mar,2019
1527,3/12/2019,2,CV-1,C,no3,21.2,19,Mar,2019
1528,3/12/2019,2,CV-2,C,no3,1.93,20,Mar,2019
1529,3/12/2019,2,CV-3,C,no3,8.28,21,Mar,2019
1530,3/12/2019,2,CV-4,C,no3,18.5,22,Mar,2019
1531,3/12/2019,2,PA-1,P,no3,NA,23,Mar,2019
1532,3/12/2019,2,PA-2,P,no3,1.39,24,Mar,2019
1533,3/12/2019,2,PA-3,P,no3,NA,25,Mar,2019
1534,3/12/2019,2,PA-4,P,no3,1.17,26,Mar,2019
1535,3/12/2019,3,N0,0,no3,0.04,27,Mar,2019
1536,3/12/2019,3,N25,25,no3,5.03,28,Mar,2019
1537,3/12/2019,3,N50,50,no3,1.72,29,Mar,2019
1538,3/12/2019,3,N75,75,no3,0.3,30,Mar,2019
1539,3/12/2019,3,N100,100,no3,0.7,31,Mar,2019
1540,3/12/2019,3,CV-1,C,no3,1.21,32,Mar,2019
1541,3/12/2019,3,CV-2,C,no3,1.19,33,Mar,2019
1542,3/12/2019,3,CV-3,C,no3,0.18,34,Mar,2019
1543,3/12/2019,3,CV-4,C,no3,17.9,35,Mar,2019
1544,3/12/2019,3,PA-1,P,no3,0.4,36,Mar,2019
1545,3/12/2019,3,PA-2,P,no3,1.24,37,Mar,2019
1546,3/12/2019,3,PA-3,P,no3,3.73,38,Mar,2019
1547,3/12/2019,3,PA-4,P,no3,0.05,39,Mar,2019
1548,3/12/2019,4,N0,0,no3,0.02,40,Mar,2019
1549,3/12/2019,4,N25,25,no3,0,41,Mar,2019
1550,3/12/2019,4,N50,50,no3,0.44,42,Mar,2019
1551,3/12/2019,4,N75,75,no3,8.27,43,Mar,2019
1552,3/12/2019,4,N100,100,no3,20,44,Mar,2019
1553,3/12/2019,4,CV-1,C,no3,0.04,45,Mar,2019
1554,3/12/2019,4,CV-2,C,no3,0.09,46,Mar,2019
1555,3/12/2019,4,CV-3,C,no3,0.29,47,Mar,2019
1556,3/12/2019,4,CV-4,C,no3,0.82,48,Mar,2019
1557,3/12/2019,4,PA-1,P,no3,0.6,49,Mar,2019
1558,3/12/2019,4,PA-2,P,no3,0.04,50,Mar,2019
1559,3/12/2019,4,PA-3,P,no3,0.06,51,Mar,2019
1560,3/12/2019,4,PA-4,P,no3,0.61,52,Mar,2019
