USBR Pacific Northwest Region,,,,,,,,,,,,,,,,,
Hydromet/AgriMet Data Access,,,,,,,,,,,,,,,,,
Although the US Bureau of Reclamation makes efforts to maintain the accuracy,,,,,,,,,,,,,,,,,
of data found in the Hydromet system databases, the data is largely unverified,,,,,,,,,,,,,,,,
and should be considered preliminary and subject to change.  Data and services,,,,,,,,,,,,,,,,,
are provided with the express understanding that the United States Government,,,,,,,,,,,,,,,,,
makes no warranties, expressed or implied, concerning the accuracy, complete-,,,,,,,,,,,,,,
ness, usability or suitability for any particular purpose of the information,,,,,,,,,,,,,,,,
or data obtained by access to this computer system, and the United States,,,,,,,,,,,,,,,,
shall be under no liability whatsoever to any individual or group entity by,,,,,,,,,,,,,,,,,
reason of any use made thereof. ,,,,,,,,,,,,,,,,,
,,,,,,,,,,,,,,,,,
BEGIN DATA,,,,,,,,,,,,,,,,,
DATE      ,   CRVO ET  ,   CRVO ETRS,   CRVO ETOS,   CRVO MN  ,   CRVO MX  ,   CRVO MM  ,   CRVO PC  ,   CRVO PP  ,   CRVO PU  ,   CRVO SR  ,   CRVO TA  ,   CRVO TG  ,   CRVO YM  ,   CRVO UA  ,   CRVO UD  ,   CRVO WG  ,   CRVO WR  
6/1/2018,0.23,0.2,0.17,36.42,72.57,55.47,43.32,0,33.32,712.61,66.63,11.28,42.44,2.2,104.25,13.59,52.71
6/2/2018,0.26,0.25,0.21,41.88,81.9,62.68,43.32,0,33.32,708.25,60.96,15.95,47.08,3.24,19.69,13.15,77.7
6/3/2018,0.2,0.18,0.15,46.48,73.56,59.03,43.32,0,33.32,485.57,70.21,11.78,48.55,3.6,348.85,16.44,86.41
6/4/2018,0.21,0.19,0.16,48.13,69.36,58.15,43.32,0,33.32,579.15,64.88,9.68,45.18,3.2,14.41,16.44,76.91
6/5/2018,0.22,0.19,0.16,37.74,72.13,56.71,43.32,0,33.32,608.09,65.51,11.06,43.68,3.22,36.75,17.1,77.26
6/6/2018,0.25,0.22,0.19,40.59,76.87,58.32,43.32,0,33.32,684.03,68.74,13.44,46.87,3.14,34.68,16.22,75.36
6/7/2018,0.2,0.18,0.16,49.31,71.48,59.54,43.32,0,33.32,538.34,66.1,10.74,47.61,3.27,237.12,17.97,78.43
6/8/2018,0.13,0.12,0.1,46.59,68,57.47,43.72,0.4,33.72,341.07,80.14,9,50.79,3.03,209.03,14.47,72.7
6/9/2018,0.16,0.14,0.12,46.48,62.99,54.05,43.76,0.04,33.76,442.03,79.57,6.5,47.36,4.32,229.9,23.24,103.62
6/10/2018,0.1,0.08,0.07,46.55,57.53,52.11,44.02,0.26,34.02,289.01,88.01,3.76,48.56,4.21,203.92,16.66,101.13
6/11/2018,0.24,0.23,0.18,49.8,70.7,58.33,44.08,0.06,34.08,640.7,71.37,10.35,47.56,5.72,9.08,14.91,137.25
6/12/2018,0.31,0.3,0.23,45.76,80.4,63.2,44.08,0,34.08,704.2,52.77,15.2,43.25,5.35,13.29,17.1,128.48
6/13/2018,0.15,0.14,0.11,48.33,66.36,58.22,44.08,0,34.08,323.99,66.6,8.18,46.92,4.1,212.27,16.66,98.45
6/14/2018,0.23,0.2,0.16,49.9,68.08,58.73,44.08,0,34.08,582.34,67.87,9.04,47,5.27,14.66,17.32,126.47
6/15/2018,0.22,0.19,0.16,48.96,71.24,59.82,44.08,0,34.08,524.15,70.04,10.62,49.16,5.03,15.56,20.17,120.65
6/16/2018,0.27,0.26,0.2,49.71,77.18,62.51,44.08,0,34.08,612.48,67.59,13.59,50.55,6.37,17.6,21.7,152.91
6/17/2018,0.35,0.35,0.27,56.81,88,70.7,44.09,0.01,34.09,716.16,58.69,21.41,53.53,6.07,7.9,24.33,145.78
6/18/2018,0.25,0.23,0.2,52.59,83.3,68.86,44.1,0.01,34.1,650.7,68.48,17.95,56.38,2.94,170.29,11.4,70.63
6/19/2018,0.31,0.29,0.24,48.66,89.4,70.69,44.1,0,34.1,723.8,59.96,18,52.36,3.2,22.59,17.1,76.8
6/20/2018,0.28,0.24,0.21,53.85,83,67.33,44.1,0,34.1,660.51,69.83,18.42,56.43,3.56,186.96,16.22,85.46
6/21/2018,0.23,0.2,0.17,56.35,76.2,64.54,44.1,0,34.1,536.65,71.13,16.27,54.45,3.73,209.37,14.47,89.5
6/22/2018,0.2,0.17,0.14,55.32,77.36,65,44.1,0,34.1,452.77,71.29,16.34,54.69,2.4,139.27,15.12,57.53
6/23/2018,0.28,0.26,0.21,55.11,77.95,66.17,44.1,0,34.1,696.64,63.8,16.53,52.57,4.73,29.76,19.95,113.5
6/24/2018,0.38,0.37,0.28,54.37,90.2,69.09,44.1,0,34.1,730.78,61.67,20.18,53.26,5.8,358.47,26.3,139.28
6/25/2018,0.25,0.21,0.18,47.65,72.69,62.31,44.1,0,34.1,648.88,65.77,11.35,49.86,4.72,292.15,20.17,113.33
6/26/2018,0.32,0.28,0.22,43.25,76.47,61.58,44.1,0,34.1,744.25,61.53,13.24,46.27,6.36,17.86,21.04,152.69
6/27/2018,0.3,0.27,0.21,48.31,78.76,62.37,44.1,0,34.1,645.15,63.21,14.38,48.29,5.27,7.92,18.85,126.38
6/28/2018,0.25,0.22,0.18,42.84,77.67,60.67,44.1,0,34.1,644.42,63.87,13.83,46.81,2.97,31.8,27.4,71.36
6/29/2018,0.28,0.25,0.21,43.82,82.6,63.62,44.1,0,34.1,695.07,62.53,16.3,48.62,3.16,345.24,18.41,75.81
6/30/2018,0.28,0.27,0.22,47.7,84.3,66.81,44.1,0,34.1,682.72,64.92,17.15,52.9,4.13,3.07,22.58,99.18
7/1/2018,0.28,0.27,0.21,55.97,80.3,67.44,44.1,0,34.1,634.87,60.68,18.14,52.62,5.16,345.73,17.97,123.85
7/2/2018,0.27,0.24,0.18,47.67,72.39,60.76,44.1,0,34.1,551.86,56.83,11.19,44.06,5.95,10.08,20.82,142.73
7/3/2018,0.31,0.27,0.22,41.14,76.75,61.26,44.1,0,34.1,717.47,58.35,13.38,44.86,6.11,17.08,19.51,146.54
7/4/2018,0.15,0.13,0.11,55.84,74.24,64.07,44.1,0,34.1,271.75,69.99,15.04,53.75,2.93,66.32,12.49,70.43
7/5/2018,0.27,0.25,0.2,48.31,86.5,66.46,44.1,0,34.1,617.16,65.92,18,52.77,3.13,43.73,21.26,75.17
7/6/2018,0.28,0.26,0.21,49.88,78.4,64.93,44.1,0,34.1,731.48,65.78,14.2,52.1,4.83,238.41,22.8,115.86
7/7/2018,0.29,0.25,0.21,48.36,81.5,64.96,44.1,0,34.1,715.26,62.94,15.75,49.92,3.38,16.68,16.66,81.15
7/8/2018,0.32,0.29,0.23,52.8,82.2,66.15,44.1,0,34.1,726.03,65.21,17.5,52.77,5.38,359.03,19.51,129.24
7/9/2018,0.15,0.12,0.11,48.54,71.4,60.59,44.1,0,34.1,327.34,74.95,10.7,52.17,2.74,26.75,13.59,65.71
7/10/2018,0.28,0.26,0.21,51.52,80.4,66.85,44.1,0,34.1,632.29,63.32,15.96,52.75,5.53,15.14,22.14,132.82
7/11/2018,0.42,0.42,0.3,54.31,89.2,72.41,44.1,0,34.1,721.55,55.94,20.16,53.58,9.47,13.37,24.33,227.38
7/12/2018,0.48,0.52,0.37,63.15,98.3,81.12,44.1,0,34.1,727.63,42.36,24.58,53.68,8.88,10.27,22.36,213.17
7/13/2018,0.37,0.35,0.27,61.09,94,76.9,44.1,0,34.1,699.06,49.71,23.55,54.12,4.36,20.39,17.76,104.65
7/14/2018,0.42,0.39,0.29,53.94,93.2,73.45,44.1,0,34.1,726.25,50.46,19.97,50.53,5.7,25.98,19.73,136.72
7/15/2018,0.35,0.31,0.25,54.55,97,76.81,44.1,0,34.1,703.69,52.45,20.27,55.14,2.96,27.38,15.78,70.98
7/16/2018,0.36,0.32,0.26,55.03,96.8,76.55,44.1,0,34.1,711.52,51.84,20.51,54.39,3.29,28.82,18.41,78.86
7/17/2018,0.33,0.29,0.24,52.9,89.8,70.25,44.1,0,34.1,720.72,61.73,19.45,54.46,3.23,105.85,14.03,77.45
7/18/2018,0.32,0.28,0.23,50.12,87.3,69.18,44.1,0,34.1,706.17,64.61,18.06,55.04,4.17,21.18,17.97,100.14
7/19/2018,0.29,0.25,0.19,52.56,76.14,63.82,44.1,0,34.1,559.66,64.42,14.35,50.49,6.75,11.71,25.87,162.08
7/20/2018,0.39,0.35,0.26,47.33,79.61,64.2,44.1,0,34.1,736.34,54.63,14.81,45.99,9.06,9.15,22.36,217.4
7/21/2018,0.36,0.34,0.25,48.18,81.7,65.75,44.1,0,34.1,729.39,52.26,15.85,45.71,6.87,15.9,17.32,164.9
7/22/2018,0.36,0.35,0.27,52.86,91.2,71.52,44.1,0,34.1,730.58,51.7,19.43,49.46,4.81,21.65,21.7,115.47
7/23/2018,0.31,0.29,0.23,50.3,93.3,72.53,44.1,0,34.1,663.23,53.95,18.15,51.63,3.19,29.68,15.34,76.62
7/24/2018,0.35,0.34,0.26,52,95.8,74.88,44.1,0,34.1,709.48,49.97,19,50.19,3.79,22.06,16.22,90.86
7/25/2018,0.36,0.33,0.26,52.41,96.6,75.94,44.1,0,34.1,705.92,46.74,19.2,50.11,3.59,34.57,15.34,86.07
7/26/2018,0.35,0.33,0.26,54.41,96.9,76.63,44.1,0,34.1,708.51,48.16,20.2,51.62,3.47,54.47,15.12,83.22
7/27/2018,0.34,0.29,0.24,49.98,90.7,69.94,44.1,0,34.1,713.19,56.09,18,50.64,3.25,105.1,13.81,77.96
7/28/2018,0.32,0.28,0.23,48.8,91.4,69.44,44.1,0,34.1,713.58,59.89,18,51.99,2.8,65.41,12.93,67.2
7/29/2018,0.35,0.33,0.26,54.19,97.4,75.72,44.1,0,34.1,706.92,54.81,20.09,55.06,3.51,23.44,16.22,84.26
7/30/2018,0.29,0.27,0.22,55.69,89.5,70.72,44.1,0,34.1,656.14,62.39,20.84,55.84,3.14,130.34,13.15,75.34
7/31/2018,0.33,0.3,0.24,51.58,90.6,69.09,44.1,0,34.1,719.23,61.19,18.79,52.32,3.31,125.72,16.44,79.35
8/1/2018,0.3,0.26,0.21,48.73,88.5,67.17,44.1,0,34.1,694.99,64.16,18,52.96,2.83,35.44,13.59,67.83
8/2/2018,0.18,0.15,0.13,49.7,75.47,62.65,44.1,0,34.1,443.74,71.63,12.74,52.77,2.57,310.9,11.4,61.77
8/3/2018,0.2,0.19,0.16,52.87,78.27,65.79,44.1,0,34.1,497.12,67.94,15.57,53.97,3.46,324.13,15.34,83.12
8/4/2018,0.31,0.3,0.23,55.24,86.1,69.54,44.1,0,34.1,682.52,60.33,20.62,53.37,4.97,13.9,18.19,119.37
8/5/2018,0.27,0.25,0.21,49.03,88.8,68.27,44.1,0,34.1,656.25,63.59,18,53.25,2.83,42.43,15.12,67.8
8/6/2018,0.25,0.23,0.19,53.58,89.3,69.42,44.1,0,34.1,585.82,66.46,19.79,55.95,2.67,34.34,12.28,63.96
8/7/2018,0.29,0.28,0.23,54.01,93.9,73.15,44.1,0,34.1,649.93,61.6,20,56.56,3.34,33.79,18.41,80.21
8/8/2018,0.27,0.25,0.2,54.62,93.5,72.71,0,0,34.1,595.54,60.36,20.31,55.77,2.5,120.17,15.12,59.94
8/9/2018,0.28,0.26,0.21,52.93,95.9,73.55,0,0,34.1,612.67,59.44,19.47,55.8,2.52,49.63,15.78,60.38
8/10/2018,0.35,0.33,0.25,59.23,89.6,69.85,0,0,34.1,676.18,64.49,22.61,55.92,5.18,193.82,20.39,124.42
8/11/2018,0.23,0.21,0.17,56.01,78.94,66.61,0,0,34.1,530.8,69.28,17.48,55.43,4.28,238.71,17.76,102.81
8/12/2018,0.3,0.27,0.21,48.73,81.3,66.17,0,0,34.1,655.98,66.27,15.65,53,6.96,10.78,25.21,166.99
8/13/2018,0.26,0.27,0.2,55.48,88.2,70.55,0,0,34.1,526.79,61.34,20.74,54.79,4.45,21.24,17.76,106.9
8/14/2018,0.26,0.26,0.2,53.17,92.3,71.68,0,0,34.1,564.9,60.52,19.58,54.12,3.22,28.84,14.69,77.17
8/15/2018,0.21,0.19,0.16,51.95,85.3,67.57,0,0,34.1,536.25,71.65,18.63,57.11,2.34,137.42,11.18,56.25
8/16/2018,0.21,0.19,0.16,52.99,85.1,65.98,0,0,34.1,458.96,72.6,19.05,55.66,2.82,51.1,17.1,67.76
8/17/2018,0.31,0.3,0.22,48.67,82.8,65.07,0,0,34.1,661.94,58.41,16.4,46.13,5.27,22.29,17.76,126.52
8/18/2018,0.32,0.32,0.24,49.71,86.8,67.8,0,0,34.1,660.76,57.24,18,49.58,5.53,20.24,22.8,132.77
8/19/2018,0.25,0.24,0.19,49.47,87.2,67.83,0,0,34.1,628.84,63.06,18,52.88,3.05,51.4,30.47,73.29
8/20/2018,0.18,0.17,0.14,50.44,81.6,64.86,0,0,34.1,438.19,70.69,16.02,54.14,2.44,43.74,12.28,58.59
8/21/2018,0.4,0.45,0.31,61.12,92.9,78.73,0,0,34.1,542.01,40.96,23.56,50.14,9.47,10.31,25.43,227.35
8/22/2018,0.28,0.29,0.22,52.29,91.9,72.27,0,0,34.1,578.79,46.67,19.15,48.52,3.78,173.64,17.76,90.64
8/23/2018,0.1,0.08,0.07,46.6,67.22,58.83,0,0,34.1,189.3,76.71,8.61,51.28,2.15,25.36,10.08,51.62
8/24/2018,0.21,0.19,0.15,47.59,73.44,62.01,0,0,34.1,493.21,62.07,11.72,47.6,4.49,18.41,19.07,107.88
8/25/2018,0.21,0.2,0.15,46.98,75.3,62.03,0,0,34.1,500.42,63.96,12.65,48.56,4.89,15.76,14.91,117.44
8/26/2018,0.13,0.13,0.11,53.66,72.32,63.57,0,0,34.1,295.49,67.11,12.99,52.03,3.59,253.37,14.25,86.15
8/27/2018,0.23,0.23,0.18,58.6,77.67,67.16,0,0,34.1,507.27,65.42,18.13,53.84,6.18,27.48,21.92,148.41
8/28/2018,0.37,0.4,0.28,56.63,88.4,71.88,0,0,34.1,616.41,40.13,21.32,44.19,7.31,15.69,19.29,175.35
8/29/2018,0.26,0.25,0.19,44.66,85.2,64.29,0,0,34.1,610.95,56.11,17.6,46.51,3.59,242.41,17.76,86.24
8/30/2018,0.16,0.13,0.11,51.4,73.02,60.95,0,0,34.1,395.05,72.46,12.21,51.59,2.45,181.15,12.28,58.77
8/31/2018,0.2,0.19,0.15,50.02,78.52,62.58,0,0,34.1,490.2,68.99,14.27,50.91,3.8,346.66,21.04,91.29
9/1/2018,0.28,0.27,0.2,51.11,75.72,63.43,0,0,34.1,613.01,59.71,13.42,48.28,7.84,13.5,20.6,188.05
9/2/2018,0.3,0.31,0.22,50.38,83.4,65.71,0,0,34.1,602.39,56.78,16.89,47.99,6.72,15.03,18.63,161.17
9/3/2018,0.3,0.29,0.21,51.6,79.8,65.44,0,0,34.1,592.14,59.6,15.7,49.83,8.09,15.21,22.36,194.19
9/4/2018,0.3,0.3,0.22,46.06,81.3,64.52,0,0,34.1,593.98,50.85,15.65,44.4,6.81,18.19,19.07,163.4
9/5/2018,0.22,0.23,0.18,47.27,88.4,68.66,0,0,34.1,546.74,50.7,18,47.05,2.98,50.72,17.1,71.46
9/6/2018,0.22,0.21,0.16,46.43,85.7,64.46,0,0,34.1,541.36,59.6,17.85,48.42,2.92,226.41,16.22,70.07
9/7/2018,0.23,0.22,0.17,43.04,83.3,60.55,0,0,34.1,556.85,67.96,16.65,48.55,3.55,332.02,23.89,85.13
9/8/2018,0.19,0.18,0.14,50.79,77.66,63.46,0,0,34.1,515.68,69.64,14.23,52.25,3.48,214.52,18.19,83.52
9/9/2018,0.2,0.19,0.15,43.22,79.98,61.51,0,0,34.1,560.93,65.9,14.99,48.34,3.16,242.06,17.54,75.82
9/10/2018,0.18,0.19,0.14,54.49,74.72,63.69,0.01,0.01,34.11,465.37,67.58,14.61,51.79,4.93,244.54,20.82,118.3
9/11/2018,0.11,0.1,0.08,51.78,68.57,58.45,0.41,0.4,34.51,284.11,82.95,10.17,53.04,2.93,207.65,19.29,70.4
9/12/2018,0.09,0.08,0.07,48.92,65.05,56.89,0.85,0.44,34.95,302.33,88.22,7.53,53.23,2.45,175.41,12.49,58.76
9/13/2018,0.09,0.08,0.07,46.82,66.99,55.77,0.88,0.03,34.98,273.03,89.21,8.49,52.4,2.61,230.97,18.41,62.73
9/14/2018,0.11,0.11,0.09,44.57,70.13,55.58,0.88,0,34.98,338.5,83,10.06,49.64,2.7,278.29,12.93,64.89
9/15/2018,0.09,0.09,0.07,43.52,66.58,54.79,0.92,0.04,35.02,261.94,81.63,8.29,48.64,3.06,195.42,16.22,73.35
9/16/2018,0.11,0.12,0.09,53.19,68.32,58.72,1,0.08,35.1,311.7,80.19,10.75,52.47,4.74,188.15,19.29,113.69
9/17/2018,0.15,0.15,0.12,45.92,68.12,56.62,1,0,35.1,458.56,74.2,9.06,47.49,5.21,22.87,16.88,125.09
9/18/2018,0.17,0.17,0.13,42.08,71.99,56.79,1,0,35.1,488.7,71.47,10.99,46.15,4.93,23.6,18.63,118.39
9/19/2018,0.15,0.14,0.11,39.77,73.81,55.89,1,0,35.1,478.66,75.3,11.9,46.97,2.78,110.71,19.95,66.79
9/20/2018,0.14,0.14,0.11,42.92,73.3,59.31,1,0,35.1,478.47,68.45,11.65,47.13,2.65,33.38,12.71,63.67
9/21/2018,0.13,0.14,0.11,43.29,76.91,60.72,1,0,35.1,378.15,69.43,13.46,49.55,3.18,171.79,14.69,76.31
9/22/2018,0.1,0.11,0.09,47.15,69.98,61.81,1.02,0.02,35.12,297.76,74.7,9.99,53.22,5.21,226.74,19.29,125
9/23/2018,0.16,0.15,0.11,40.01,70.03,55.1,1.02,0,35.12,468.88,68.55,10.01,42.66,3.81,24.85,17.1,91.48
9/24/2018,0.22,0.22,0.15,42.81,72.55,58.26,1.02,0,35.12,468.61,62.44,11.28,43.74,8.25,20.43,24.11,197.92
9/25/2018,0.3,0.34,0.22,49.01,81.3,65.63,1.02,0,35.12,473.95,49.57,15.65,43.57,9.82,10.78,23.67,235.78
9/26/2018,0.25,0.3,0.2,49.16,84.2,67.19,1.02,0,35.12,466.77,44.54,17.1,42.71,6.65,23.04,18.41,159.69
9/27/2018,0.18,0.2,0.14,46.37,85.1,65.22,1.02,0,35.12,454.05,57.47,17.55,47.63,3.36,39.86,14.03,80.53
9/28/2018,0.16,0.15,0.12,44.68,86.4,63.83,1.02,0,35.12,437.5,64.29,18,49.12,1.99,123.23,11.62,47.75
9/29/2018,0.08,0.08,0.06,51.85,68.41,58.87,1.02,0,35.12,151.83,76.71,10.13,51.34,3.11,177.79,12.06,74.69
9/30/2018,0.1,0.11,0.08,52.47,72.94,61.28,1.02,0,35.12,235.81,75.91,12.71,52.97,3.36,182.37,20.39,80.61
10/1/2018,0.11,0.12,0.09,56.36,74.79,63.45,1.02,0,0,256.86,70.94,15.58,53.23,3.29,223.03,14.25,79.04
10/2/2018,0.12,0.12,0.09,43.56,72.79,60.23,1.02,0,0,337.47,69.25,11.4,49.33,4.11,289.94,19.73,98.52
10/3/2018,0.14,0.13,0.1,37.22,67.81,52.31,1.02,0,0,426.14,68.41,8.9,40.32,3.51,22.67,14.91,84.14
10/4/2018,0.12,0.11,0.08,42.99,66.47,54.46,1.02,0,0,391.85,65.73,8.24,42.03,2.78,30.14,16.22,66.72
10/5/2018,0.05,0.04,0.03,39.82,56.15,49.03,1.25,0.23,0.23,96.97,89.36,3.08,46.05,5.7,177.27,23.45,136.71
10/6/2018,0.08,0.08,0.07,47.53,64.91,56.49,1.3,0.05,0.28,306.52,84.34,7.46,51.49,4.64,10.4,17.54,111.4
10/7/2018,0.05,0.04,0.04,41.77,57.74,50.44,1.35,0.05,0.33,169.01,91.44,3.87,47.89,2.68,196.95,11.18,64.4
10/8/2018,0.03,0.05,0.04,52.61,65.62,57.58,1.38,0.03,0.36,124.23,93.82,9.12,55.79,3.3,171.36,10.96,79.22
10/9/2018,0.08,0.09,0.07,46.36,66.36,58.43,1.38,0,0.36,270.19,73.88,8.18,49.37,3.97,284.66,16.66,95.29
10/10/2018,0.09,0.08,0.07,40.8,65.71,52.04,1.38,0,0.36,319.37,83.47,7.85,46.56,3.09,23.69,16.66,74.16
10/11/2018,0.18,0.2,0.14,48.89,69.7,57.22,1.38,0,0.36,389.86,61.54,9.85,42.49,7.66,13.51,18.85,183.95
10/12/2018,0.13,0.13,0.09,37.83,71.89,54.4,1.38,0,0.36,373.1,66.64,10.94,41.95,3.9,32.84,16.44,93.54
10/13/2018,0.18,0.2,0.13,42.88,71.77,56.9,1.38,0,0.36,360.05,64.24,10.88,42.75,8.57,15.72,21.92,205.69
10/14/2018,0.27,0.33,0.2,46.83,73.6,59.27,1.38,0,0.36,385.54,32.05,11.8,27.67,9.61,14.24,22.14,230.7
10/15/2018,0.18,0.22,0.14,39.76,75.15,57.42,1.38,0,0.36,374.22,38.75,12.58,30.76,5.32,42.39,17.97,127.59
10/16/2018,0.18,0.21,0.14,34.05,79.66,57.9,1.38,0,0.36,361.63,53.14,14.83,36.19,5.12,45.17,20.17,122.98
10/17/2018,0.13,0.15,0.1,37.75,77.22,57.51,1.38,0,0.36,352.78,50.7,13.61,36.46,3.2,22.29,13.81,76.78
10/18/2018,0.1,0.08,0.06,33.09,74.36,52.19,1.38,0,0.36,351.17,66.86,12.18,39.54,1.33,39.55,8.77,31.84
10/19/2018,0.1,0.1,0.07,33.75,72.5,51.72,1.38,0,0.36,334.93,73.24,11.25,41.71,2.55,44.56,13.37,61.09
10/20/2018,0.11,0.12,0.08,39.96,71.22,53.8,1.38,0,0.36,328.77,74.2,10.61,44.6,4.29,28.46,15.12,102.91
10/21/2018,0.08,0.07,0.06,34.36,69.7,50.12,1.38,0,0.36,308.98,79.41,9.85,42.95,1.83,30.98,10.52,43.93
10/22/2018,0.07,0.06,0.05,36.74,68.38,49.25,1.38,0,0.36,269.77,84.64,9.19,43.98,1.51,19.55,8.99,36.14
10/23/2018,0.03,0.04,0.03,36.18,59.26,49.21,1.38,0,0.36,126.04,90.95,4.63,46.43,2.49,167.15,15.78,59.67
10/24/2018,0.03,0.05,0.04,47.13,62.52,53.13,1.38,0,0.36,152.46,90.19,6.26,50.11,2.27,181.59,10.96,54.54
10/25/2018,0.02,0.03,0.02,43.85,59.38,52.05,1.43,0.05,0.41,69.56,89.75,4.69,49.02,1.85,222.78,8.77,44.4
10/26/2018,0.01,0.03,0.02,53.02,63.55,58.93,1.55,0.12,0.53,53.27,88.11,8.28,55.33,3.69,222.64,14.03,88.53
10/27/2018,0.03,0.05,0.04,52.3,65.62,58.27,2.04,0.49,1.02,108.89,90.88,8.96,55.52,3.85,179.1,18.63,92.29
10/28/2018,0.08,0.08,0.06,48.77,63.93,55.92,2.35,0.31,1.33,252.2,83.79,6.97,50.69,6.18,203.74,19.95,148.21
10/29/2018,0.05,0.04,0.03,42.26,60.2,51.03,2.69,0.34,1.67,165.52,90.92,5.1,48.34,3.28,216.85,13.37,78.81
10/30/2018,0.04,0.03,0.02,39.42,54.51,46.25,2.7,0.01,1.68,134.48,97.14,2.25,45.45,1.26,213,7.67,30.26
10/31/2018,0.01,0.02,0.01,49.59,57.92,53.81,2.81,0.11,1.79,34.32,95.32,3.96,52.52,4.29,192.51,14.25,102.96
11/1/2018,0.02,0.04,0.04,56.17,65.02,58.83,2.86,0.05,1.84,108.29,92.22,10.59,56.54,3,212.79,10.74,71.92
11/2/2018,0.06,0.07,0.05,47.88,65.56,57.78,2.93,0.07,1.91,250.82,82.12,7.78,51.91,5.56,228.79,21.26,133.51
11/3/2018,0.03,0.03,0.02,43.85,57.78,50.77,2.93,0,1.91,113.83,93.82,3.89,48.97,1.83,175.45,9.64,43.99
11/4/2018,0.07,0.08,0.05,49.07,63.66,55.81,3.06,0.13,2.04,234.36,81.79,6.83,49.9,6,220.16,20.39,143.95
11/5/2018,0.05,0.05,0.04,45.13,59.75,50.5,3.12,0.06,2.1,150.74,88.41,4.88,47.04,3.33,229.52,16.88,79.86
11/6/2018,0.04,0.04,0.03,37.94,60.01,47.85,3.12,0,2.1,184.03,88.7,5,44.25,1.8,42.98,7.67,43.26
11/7/2018,0.05,0.04,0.03,33.59,53.9,42.45,3.13,0.01,2.11,164.31,90.9,1.95,39.76,3.88,34.19,14.91,93.15
11/8/2018,0.04,0.04,0.03,31.94,51.69,42.77,3.13,0,2.11,181.58,86.27,0.84,38.81,5.32,18.06,17.97,127.76
11/9/2018,0.03,0.02,0.02,26.59,46.62,35.74,3.14,0.01,2.12,144.03,95.25,0,34.44,1.38,140.67,6.58,33.08
11/10/2018,0.03,0.04,0.03,29.65,50.1,41.7,3.14,0,2.12,220.48,85.6,0.05,37.46,5.54,31.48,21.04,133
11/11/2018,0.08,0.11,0.07,31.7,57.04,46.55,3.14,0,2.12,246.04,60.77,3.52,32.99,8.68,11.4,20.17,208.32
11/12/2018,0.08,0.12,0.07,34.25,57.64,46.4,3.14,0,2.12,242.1,53.57,3.82,29.97,6.4,18.01,19.51,153.59
11/13/2018,0.03,0.03,0.02,29.15,49.72,37.49,3.14,0,2.12,143.34,83.26,0,32.51,1.24,351.89,8.33,29.74
11/14/2018,0.01,0.02,0.02,28.79,52.66,44.02,3.14,0,2.12,65.76,88.05,1.33,40.53,2.55,157.41,11.62,61.15
11/15/2018,0.01,0.03,0.02,35.83,55.23,47.83,3.14,0,2.12,124.14,89.46,2.61,44.79,4.5,20.21,14.03,107.88
11/16/2018,0.03,0.05,0.03,37.11,60.59,46.49,3.14,0,2.12,184.53,92.7,5.3,44.31,3.79,5.68,17.76,90.9
11/17/2018,0.15,0.19,0.12,44.97,60.99,51.04,3.14,0,2.12,231.48,56.63,5.5,35.21,11.94,358.86,24.11,286.64
11/18/2018,0.05,0.06,0.03,30.59,55.87,43.22,3.14,0,2.12,220.16,69.04,2.93,33.04,3.4,47.04,15.78,81.56
11/19/2018,0.04,0.03,0.02,25.62,54.62,36.87,3.14,0,2.12,211.74,84.9,2.31,31.94,1.51,59.49,10.52,36.32
11/20/2018,0.03,0.02,0.01,25.62,50.35,35.38,3.14,0,2.12,148.09,90.89,0.17,32.6,0.96,316.82,6.8,23.06
11/21/2018,0,0.02,0.01,37.39,50.78,43.3,3.43,0.29,2.41,36.89,96.19,0.39,42.29,2.71,190.65,19.29,65.14
11/22/2018,0,0.02,0.01,43.39,51.14,47.76,4.02,0.59,3,33.22,91.39,0.57,45.38,7.04,189.8,32.44,168.95
11/23/2018,0.01,0.03,0.02,43.27,52.22,47.29,4.52,0.5,3.5,56.23,92.81,1.11,45.3,5.24,210.1,18.63,125.81
11/24/2018,0.02,0.01,0.01,33.47,47.36,40.86,4.53,0.01,3.51,100.93,98.6,0,40.49,2.32,18.44,9.64,55.78
11/25/2018,0.02,0.02,0.02,39.99,45.96,42.03,4.54,0.01,3.52,84.19,95.14,0,40.72,2.34,72.96,8.77,56.05
11/26/2018,0.01,0.03,0.02,38.9,58.11,48.83,4.55,0.01,3.53,35.33,87.18,4.06,44.84,3.4,200.05,14.69,81.61
11/27/2018,0.01,0.04,0.02,46.03,60.99,53.88,5.58,1.03,4.56,134.21,90,5.5,50.85,5.09,204.89,23.45,122.13
11/28/2018,0.02,0.03,0.02,45.62,55.68,48.94,6.58,1,5.56,62.71,96.07,2.84,47.82,3.03,185.78,17.97,72.81
11/29/2018,0.03,0.03,0.02,42.89,50.69,46.29,6.59,0.01,5.57,62.63,93.1,0.34,44.35,7.64,11.5,24.99,183.37
11/30/2018,0.02,0.02,0.02,39.79,49.48,44.09,7.34,0.75,6.32,65.14,93.58,0,42.33,4.31,205.59,23.89,103.36
12/1/2018,0.02,0.01,0.01,37.68,44.49,41.5,7.4,0.06,6.38,59.01,94.13,0,39.92,2.7,208.23,12.06,64.85
12/2/2018,0.02,0.02,0.01,33.97,50.16,40.75,7.42,0.02,6.4,133.16,92.53,0.08,38.57,2.17,203.42,12.06,52.04
12/3/2018,0.03,0.02,0.02,32.02,44.9,37.76,7.42,0,6.4,154.35,90.74,0,35.16,4.76,24.52,20.82,114.21
12/4/2018,0.09,0.11,0.07,35.2,49.76,40.33,7.42,0,6.4,194.26,67.84,0,30.26,12.05,356.97,23.67,289.09
12/5/2018,0.07,0.09,0.05,31.47,46.54,38.21,7.42,0,6.4,184.84,67.02,0,28.08,9.8,2.47,23.24,235.11
12/6/2018,0.06,0.08,0.05,31.42,44.48,36.75,7.42,0,6.4,183.16,62.68,0,25.12,7.36,2.58,17.54,176.66
12/7/2018,0.02,0.02,0.01,25.08,38.9,32.96,7.57,0.15,6.55,99.78,82.22,0,27.94,1.81,357.46,13.37,43.51
12/8/2018,0,0.01,0.01,34.35,40.92,38.06,7.65,0.08,6.63,54.99,96.05,0,37.03,3.72,8.42,10.74,89.25
12/9/2018,0,0,0,35.85,40.31,38.62,8.19,0.54,7.17,19.07,95.48,0,37.42,1.84,96.45,8.55,44.27
12/10/2018,0.01,0.02,0.01,34.94,50.46,39.87,8.2,0.01,7.18,97.26,99.4,0.23,39.72,1.52,224.91,7.23,36.48
12/11/2018,0,0.01,0.01,37.07,51.25,46.37,8.81,0.61,7.79,39.86,91.39,0.63,43.95,8.55,201.3,27.62,205.11
12/12/2018,0.01,0.03,0.02,36.51,52.63,45.1,8.84,0.03,7.82,141.58,87.38,1.32,41.47,4.26,202.1,16.44,102.14
12/13/2018,0.02,0.02,0.01,34.06,53.35,43.29,8.84,0,7.82,167.46,86.05,1.67,39.07,2.54,217.67,13.37,60.92
12/14/2018,0.04,0.05,0.03,30.99,54.58,39.54,9.01,0.17,7.99,84.93,92.65,2.29,37.43,3.93,221.36,35.29,94.39
12/15/2018,0.01,0.01,0.01,35.86,45.44,40.64,9.05,0.04,8.03,63.4,95.01,0,39.3,2.1,256.99,11.62,50.34
12/16/2018,0,0.01,0.01,40.73,50.47,44.79,9.39,0.34,8.37,27.65,97.6,0.24,44.15,3.2,156.56,16.88,76.81
12/17/2018,0,0.02,0.01,36.46,51.37,45.92,9.65,0.26,8.63,75.05,91.25,0.68,43.42,6.09,196.65,25.21,146.07
12/18/2018,0.02,0.05,0.03,44.04,57.8,51.56,10.96,1.31,9.94,107.35,86.59,3.9,47.58,8.47,204.71,33.1,203.38
12/19/2018,0.01,0.01,0.01,42.22,52.69,47.63,10.96,0,9.94,78.41,94.24,1.34,46.02,1.63,219.16,5.26,39.2
12/20/2018,0.02,0.02,0.02,38.09,54.1,48.1,11.1,0.14,10.08,35.08,86.12,2.05,44.01,4.88,223.56,22.8,117.16
12/21/2018,0.03,0.01,0.01,30.72,47.05,37.1,11.2,0.1,10.18,97.4,97.23,0,36.37,1.66,201.53,13.59,39.73
12/22/2018,0.02,0.02,0.01,28.32,44.76,36.03,11.38,0.18,10.36,64.39,95.61,0,34.85,2.8,188.24,16.88,67.22
12/23/2018,0,0.02,0.02,43.41,52.12,47.35,12.01,0.63,10.99,56.23,96.09,1.06,46.29,4.64,199.24,21.92,111.42
12/24/2018,0,0.02,0.01,42.54,48.69,46.1,12.1,0.09,11.08,63.9,94.14,0,44.49,6.1,5.96,24.55,146.31
12/25/2018,0.01,0.02,0.02,37.85,47.8,42.82,12.11,0.01,11.09,80.12,87.54,0,39.29,2.71,66.08,13.81,65.09
12/26/2018,0.02,0.02,0.01,35.54,46.27,40.65,12.34,0.23,11.32,57.2,95.3,0,39.41,3.73,195.46,17.1,89.61
12/27/2018,0.02,0.01,0.01,34.15,50.73,41.05,12.35,0.01,11.33,142.51,94.64,0.36,39.51,1.61,264.66,5.7,38.66
12/28/2018,0.01,0.02,0.01,39.69,46.57,42.98,12.38,0.03,11.36,52.79,92.73,0,40.99,2.53,205.02,9.43,60.63
12/29/2018,0.02,0.05,0.03,44.55,52.9,47.99,12.89,0.51,11.87,86.46,86.9,1.45,44.25,7.79,192.91,29.15,186.93
12/30/2018,0.02,0.02,0.02,32.36,51.19,44.31,12.89,0,11.87,138.87,82.43,0.59,39,3.94,269.79,21.04,94.45
12/31/2018,0.03,0.03,0.02,28.48,44.66,37.02,12.9,0.01,11.88,131.05,86.95,0,33.26,5.37,16.05,14.47,128.94
1/1/2019,0.02,0.01,0.01,25.82,37.56,30.63,12.91,0.01,11.89,107.58,96.47,0,29.72,1.22,227.01,5.48,29.28
1/2/2019,0.02,0.01,0.01,25.14,43.54,33.89,12.91,0,11.89,120.1,95.67,0,32.72,1.73,189.25,8.11,41.55
1/3/2019,0.01,0.06,0.04,40.49,53.69,47.67,12.93,0.02,11.91,48.08,76.72,1.84,40.66,5.86,194.65,21.48,140.53
1/4/2019,0,0.01,0.01,38.57,49.55,46.19,13.05,0.12,12.03,36.86,93.78,0,44.44,2.97,181.74,15.56,71.25
1/5/2019,0.02,0.02,0.02,38.09,48.96,41.81,13.11,0.06,12.09,38.61,96.83,0,40.95,4.84,254.38,34.63,116.09
1/6/2019,0.02,0.02,0.01,35.24,44.75,40.89,13.3,0.19,12.28,98.33,90.81,0,38.39,5.87,199.72,20.39,140.81
1/7/2019,0.02,0.02,0.01,30.62,45.35,38.44,13.31,0.01,12.29,124.28,92.93,0,36.52,4.43,307.58,17.97,106.38
1/8/2019,0.01,0.03,0.02,39.02,45.22,42.5,13.56,0.25,12.54,54.02,90.06,0,39.77,7.29,358.98,19.07,175.06
1/9/2019,0,0.02,0.01,37.37,52.22,45.82,13.94,0.38,12.92,83.81,93.89,1.11,44.12,4.54,184.69,21.04,108.84
1/10/2019,0.01,0.03,0.02,43.06,59,49.22,13.96,0.02,12.94,127.2,91.33,4.5,46.64,2.36,144.87,16.66,56.61
1/11/2019,0.03,0.04,0.02,38.09,52.69,44.66,13.96,0,12.94,150.98,86.01,1.34,40.52,4.6,26.72,15.12,110.33
1/12/2019,0.03,0.03,0.02,29.95,51.14,40.94,13.96,0,12.94,178.21,83.45,0.57,36.04,2.89,23.42,9.86,69.38
1/13/2019,0.04,0.05,0.03,28.49,51.58,39.88,13.96,0,12.94,200.97,77.63,0.79,33.02,5.32,28.26,18.41,127.6
1/14/2019,0.05,0.06,0.04,25.08,49.04,37.38,13.96,0,12.94,205.64,73.88,0,29.2,6.24,8.21,23.24,149.69
1/15/2019,0.05,0.07,0.05,34.58,43.76,38.63,13.96,0,12.94,124.63,68.06,0,28.99,8.18,2.47,19.29,196.42
1/16/2019,0.02,0.03,0.02,32.27,42.26,38.37,14.06,0.1,13.04,63.16,83.84,0,33.82,5.65,9.87,20.82,135.56
1/17/2019,0.01,0.03,0.02,36.82,50.93,43.62,14.43,0.37,13.41,85.57,92.44,0.47,41.49,6.88,181.33,25.65,165.16
1/18/2019,0.01,0.03,0.02,40.29,52.53,45.04,15.11,0.68,14.09,33.26,93.6,1.26,43.3,5.06,190.45,25.21,121.47
1/19/2019,0,0.02,0.02,45.45,54.15,50.35,15.18,0.07,14.16,97.71,90.91,2.08,47.73,3.42,206.17,21.04,82.13
1/20/2019,0.01,0,0.01,36.21,46.37,43.38,15.75,0.57,14.73,44.46,96,0,42.32,4.38,13.86,17.32,105.06
1/21/2019,0.02,0.02,0.02,34.81,47.66,40,15.76,0.01,14.74,112.54,97,0,39.2,1.88,210.36,7.89,45.06
1/22/2019,0.02,0.03,0.02,38.78,48.03,42.8,15.87,0.11,14.85,34.89,90.76,0,40.26,6.59,183.38,26.74,158.12
1/23/2019,0.01,0.03,0.02,37.83,55,48.29,16.09,0.22,15.07,122.12,90.34,2.5,45.52,7.08,223.62,30.25,169.8
1/24/2019,0.03,0.03,0.02,33.65,51.64,42.04,16.09,0,15.07,159.2,91.7,0.82,39.62,2.53,35.71,10.74,60.77
1/25/2019,0.03,0.03,0.02,33.4,51.54,42.69,16.09,0,15.07,214.64,88.38,0.77,39.35,3.99,25.59,11.62,95.8
1/26/2019,0.02,0.01,0.01,30.98,40.85,37.21,16.1,0.01,15.08,68.22,98.3,0,36.77,2.68,30.69,9.21,64.39
1/27/2019,0.01,0.01,0.01,36.64,40.61,38.29,16.1,0,15.08,50,99.4,0,38.14,2.76,343.41,11.4,66.18
1/28/2019,0.06,0.1,0.06,36.89,52.95,44.31,16.1,0,15.08,187.09,70.37,1.48,34.02,8.09,4.59,20.82,194.15
1/29/2019,0.04,0.06,0.04,30.05,52.53,41.06,16.1,0,15.08,234.1,71.41,1.26,32.01,3.91,24.39,15.56,93.9
1/30/2019,0.04,0.03,0.02,27.4,51.7,37.01,16.11,0.01,15.09,239.48,85.96,0.85,32.72,1.72,16.05,10.96,41.31
1/31/2019,0.03,0.03,0.02,27.93,48.8,35.36,16.11,0,15.09,137.86,96.03,0,34.25,1.74,134.28,6.58,41.64
2/1/2019,0,0.01,0.01,36.96,50.7,45.48,16.28,0.17,15.26,65.71,96.93,0.35,44.65,1.24,160.71,5.26,29.74
2/2/2019,0,0.02,0.02,38.69,50.75,46.14,16.32,0.04,15.3,93.88,96.13,0.38,45.08,4.56,10.85,21.04,109.44
2/3/2019,0.02,0.02,0.02,35.6,45.58,41.71,16.62,0.3,15.6,117.23,90,0,38.93,4.53,224.92,16,108.81
2/4/2019,0.04,0.03,0.02,30.72,42.42,35.75,16.67,0.05,15.65,182.37,89.91,0,32.91,3.66,2.11,17.1,87.74
2/5/2019,0.02,0.02,0.01,28.19,37.58,32.84,16.84,0.17,15.82,77.05,96.18,0,31.86,2.69,17.7,15.34,64.54
2/6/2019,0.02,0.02,0.02,26.31,36.9,32.07,16.84,0,15.82,80.08,88.98,0,29.1,1.97,299.5,8.11,47.29
2/7/2019,0.03,0.03,0.02,25.84,37.8,30.75,16.85,0.01,15.83,195.44,88.02,0,27.51,3.54,12.24,12.06,84.94
2/8/2019,0.01,0.02,0.02,28.57,40.43,34.79,17.03,0.18,16.01,133.48,90.47,0,32.22,2.34,190.03,18.63,56.15
2/9/2019,0.02,0.03,0.02,29.47,40.61,34.94,17.37,0.34,16.35,135.97,92.09,0,32.78,7.47,189.21,30.25,179.37
2/10/2019,0.04,0.05,0.03,28.75,37.57,33.14,17.47,0.1,16.45,145.24,79.3,0,27.36,8.28,209.16,25.21,198.8
2/11/2019,0,0.02,0.01,36.3,45.07,41.63,18.21,0.74,17.19,68.92,94.31,0,40.11,11.23,189.81,32.66,269.45
2/12/2019,0.01,0.03,0.02,38.53,46.03,42.07,18.93,0.72,17.91,47.98,91.39,0,39.67,6.74,216.08,32.44,161.74
2/13/2019,0.01,0.02,0.02,38.6,45.28,41.64,18.99,0.06,17.97,81.88,96.13,0,40.6,4.21,12.1,15.12,101.04
2/14/2019,0.03,0.04,0.03,37.5,45.85,40.71,19.24,0.25,18.22,93.43,91.99,0,38.53,6.7,346.49,19.73,160.81
2/15/2019,0.04,0.06,0.04,38.66,47.54,41.8,19.42,0.18,18.4,121.37,85.18,0,37.58,8.79,189.77,27.4,211
2/16/2019,0.03,0.04,0.03,35.85,45.54,39.66,19.75,0.33,18.73,123.72,90.85,0,37.15,5.8,222.1,20.6,139.1
2/17/2019,0.04,0.03,0.02,30.99,41.09,35.16,19.75,0,18.73,185.06,94.07,0,33.58,3.98,346.5,17.1,95.5
2/18/2019,0.03,0.03,0.03,27.28,44.31,35.37,19.76,0.01,18.74,181.99,91.78,0,33.03,1.71,217.16,8.77,41
2/19/2019,0.01,0.02,0.02,35.26,43.35,39.28,19.96,0.2,18.94,93.36,93.57,0,37.57,4.11,198.66,13.59,98.6
2/20/2019,0.03,0.03,0.03,32.08,46.38,38.29,20.33,0.37,19.31,170.89,93.89,0,36.64,3.87,226,18.63,92.84
2/21/2019,0.06,0.06,0.05,29.5,46.94,37.3,20.33,0,19.31,322.87,80.99,0,31.36,5.27,11.38,16.66,126.54
2/22/2019,0.03,0.04,0.03,27.89,45.91,36.96,20.55,0.22,19.53,129.36,88.47,0,33.63,3.95,209.19,16.66,94.89
2/23/2019,0.01,0.01,0.01,34.08,45.05,41.05,20.96,0.41,19.94,85.91,97.53,0,40.4,2.87,198.54,12.71,68.94
2/24/2019,0.01,0.02,0.02,35.66,41.64,38.76,22.05,1.09,21.03,83.48,97,0,37.98,3.9,142.26,13.37,93.66
2/25/2019,0.02,0.01,0.01,26.67,36.4,33.1,22.5,0.45,21.48,85.76,95.66,0,31.97,6.71,338.65,23.45,160.98
2/26/2019,0.06,0.05,0.04,25.94,40.31,31.83,22.51,0.01,21.49,200.29,88.48,0,28.5,10.04,16.29,23.45,241
2/27/2019,0.03,0.02,0.02,25.94,36.16,30.92,22.6,0.09,21.58,183.76,97.44,0,30.27,5.11,231.11,25.65,122.53
2/28/2019,0.02,0.02,0.02,28.5,40.24,34.08,22.66,0.06,21.64,151.85,97.25,0,33.36,2.67,173,9.43,64.17
3/1/2019,0.05,0.06,0.05,32.09,52.53,40.07,22.67,0.01,21.65,330.28,86.86,1.26,35.88,2.53,27.66,14.03,60.73
3/2/2019,0.1,0.12,0.08,33.31,50.37,39.94,22.67,0,21.65,381.65,73.48,0.18,31.64,11.3,9.2,26.96,271.32
3/3/2019,0.14,0.16,0.1,28.6,46.36,35.69,22.67,0,21.65,390.2,52.96,0,19.81,12.8,358.62,27.4,307.18
3/4/2019,0.1,0.12,0.08,25.08,43.36,32.82,22.67,0,21.65,391.56,51.81,0,16.89,7.34,2.72,22.14,176.24
3/5/2019,0.07,0.09,0.06,26.67,41.47,33.58,22.67,0,21.65,198.38,57.99,0,20.17,6.08,9.01,17.97,145.94
3/6/2019,0.02,0.03,0.02,31.23,36.78,34.59,22.85,0.18,21.83,97.79,84.87,0,30.24,4.63,5.44,13.81,111.06
3/7/2019,0.04,0.05,0.04,31.22,47.65,37.89,23.02,0.17,22,254.57,92.37,0,35.74,3.61,208.46,20.17,86.65
3/8/2019,0.03,0.03,0.03,29.47,44.26,35.14,23.34,0.32,22.32,147.08,97.3,0,34.42,2.62,214.14,22.58,62.96
3/9/2019,0.05,0.05,0.04,33.6,45.1,38.58,23.43,0.09,22.41,245.35,87.47,0,35.01,6.26,6.41,18.85,150.25
3/10/2019,0.12,0.14,0.1,31.24,52.19,40.64,23.43,0,22.41,421.35,63.42,1.09,28.69,10.41,4.94,23.24,239.46
3/11/2019,0.08,0.11,0.08,26.66,60.45,43.18,23.48,0.05,22.46,380.71,66.85,5.23,31.9,3.28,207.01,12.93,78.78
3/12/2019,0.07,0.08,0.06,39.61,51.36,44.01,23.86,0.38,22.84,302.15,82.26,0.68,38.66,6.2,260.03,25.65,148.69
3/13/2019,0.07,0.07,0.06,33.83,54.53,42.89,23.86,0,22.84,325.72,81.97,2.26,37.17,2.57,257.33,14.69,61.57
3/14/2019,0.07,0.07,0.06,29.4,57.46,42.33,23.86,0,22.84,360.24,80.36,3.73,35.56,1.63,36.02,7.89,39
3/15/2019,0.08,0.09,0.07,29.52,60.86,44.86,23.86,0,22.84,389.23,76.43,5.43,36.89,2.66,28.7,11.84,63.91
3/16/2019,0.08,0.09,0.07,32.18,60.63,47.17,23.86,0,22.84,355.91,74.64,5.32,38.66,2.89,22.21,12.93,69.27
3/17/2019,0.14,0.19,0.13,38.03,67.41,52.32,23.86,0,22.84,432.71,63.7,8.71,38.96,7.47,25.08,22.58,179.39
3/18/2019,0.25,0.38,0.24,49.02,75.7,59.52,23.86,0,22.84,449.02,37.85,12.85,32.96,11.17,9.4,25.65,268.13
3/19/2019,0.25,0.37,0.23,50.05,74.79,60.48,23.86,0,22.84,382.44,41.14,12.42,36.48,12.55,357.01,23.89,301.27
3/20/2019,0.15,0.2,0.14,43.55,69.96,58.6,23.86,0,22.84,326.4,48.74,9.98,38.57,6.68,336,22.36,160.21
3/21/2019,0.06,0.05,0.04,40.49,56.7,49.46,23.87,0.01,22.85,143.56,85.2,3.35,45.1,1.58,54.76,8.11,37.93
3/22/2019,0.05,0.03,0.03,36,54.53,44.77,24.09,0.22,23.07,124.75,97.54,2.26,44.08,2.27,173.77,16.22,54.6
3/23/2019,0.06,0.06,0.05,40.64,54.93,46.56,24.14,0.05,23.12,244.93,93.17,2.47,44.53,2.25,246.7,17.32,53.99
3/24/2019,0.1,0.1,0.08,38.15,61.08,47.03,24.14,0,23.12,399.19,81.13,5.54,40.33,2.78,167.85,14.25,66.61
3/25/2019,0.05,0.06,0.05,44.29,51.11,47.63,24.18,0.04,23.16,125.57,78.84,0.56,41.26,5.33,237.69,17.1,127.81
3/26/2019,0.1,0.1,0.09,31.63,59.86,47.07,24.19,0.01,23.17,443.17,74.09,4.93,37.75,2.7,339.11,13.81,64.91
3/27/2019,0.06,0.07,0.06,40.09,55.72,47.52,24.22,0.03,23.2,197.06,79.64,2.86,41.31,4.14,357.71,20.82,99.32
3/28/2019,0.11,0.11,0.09,38.62,62.32,48.76,24.4,0.18,23.38,436.62,86.87,6.16,44.12,4.52,15.19,18.41,108.49
3/29/2019,0.1,0.1,0.09,38.54,62.58,50.35,24.46,0.06,23.44,433.01,84.52,6.29,44.95,2.86,44.74,14.69,68.57
3/30/2019,0.1,0.11,0.09,39.82,64.76,50.35,24.46,0,23.44,415.75,85.42,7.38,45.17,2.57,30.77,9.64,61.76
3/31/2019,0.11,0.11,0.1,34.06,67.32,51.47,24.46,0,23.44,475.65,79.69,8.66,44.27,2.22,28.85,10.96,53.23
4/1/2019,0.04,0.05,0.05,49.37,57.76,53.17,25.12,0.66,24.1,183.33,98.85,3.88,52.87,2.22,39.62,11.18,53.24
4/2/2019,0.04,0.05,0.05,50.84,60.14,54.6,25.74,0.62,24.72,193.11,98,5.49,54.05,3.22,357.66,11.4,77.23
4/3/2019,0.07,0.08,0.06,48.83,59.1,53.95,25.74,0,24.72,254.89,87.34,4.55,49.99,4.84,229.45,15.78,116.09
4/4/2019,0.06,0.06,0.05,46.17,59.1,51.22,25.96,0.22,24.94,209.53,96.32,4.55,50.17,3.06,38.11,10.08,73.52
4/5/2019,0.07,0.07,0.06,44.64,56.45,50.92,26.42,0.46,25.4,263.23,88.72,3.23,47.48,4.64,200.12,24.99,111.33
4/6/2019,0.04,0.04,0.04,42.51,53.53,48.77,27.59,1.17,26.57,164.82,97.67,1.76,48.14,4.54,173.17,21.48,108.91
4/7/2019,0.02,0.02,0.02,47.87,55.12,52.36,28.69,1.1,27.67,109.25,97.91,2.56,51.78,5.93,291.1,24.11,142.44
4/8/2019,0.03,0.04,0.04,46.96,58.28,51.74,29.47,0.78,28.45,126.01,97.11,4.14,50.93,3.43,209.69,17.32,82.26
4/9/2019,0.12,0.12,0.09,44.94,56.85,50.02,29.48,0.01,28.46,373.49,78.45,3.42,43.24,6.92,258.95,23.89,165.99
4/10/2019,0.06,0.06,0.05,44.88,53.47,49.3,29.54,0.06,28.52,173.64,88.37,1.74,45.98,5.19,214.6,18.41,124.53
4/11/2019,0.05,0.05,0.04,47.75,52.94,49.83,29.74,0.2,28.72,187.91,94.99,1.47,48.41,5.73,193.03,22.14,137.46
4/12/2019,0.1,0.1,0.09,42.12,61.36,51.9,29.75,0.01,28.73,373.35,83.07,5.68,46.46,3.83,239.3,14.47,91.97
4/13/2019,0.04,0.03,0.03,38.49,51.54,46.8,29.84,0.09,28.82,148.95,92.88,0.77,44.8,4.36,207.43,18.41,104.73
4/14/2019,0.09,0.08,0.07,39.42,54.02,45.07,29.88,0.04,28.86,310.76,87.84,2.01,41.32,3.18,228.97,14.25,76.28
4/15/2019,0.05,0.04,0.04,32.73,48.99,42.26,30.12,0.24,29.1,178.89,95.41,0,40.98,2.61,19.38,10.96,62.69
4/16/2019,0.09,0.11,0.09,42.41,61.91,51.12,30.14,0.02,29.12,359.12,84.47,5.95,46.09,4.17,211.46,21.92,100.19
4/17/2019,0.12,0.13,0.11,48.43,66.41,55.27,30.15,0.01,29.13,477.37,81.05,8.21,48.99,2.55,211.24,12.28,61.13
4/18/2019,0.15,0.16,0.14,43.78,78.46,60,30.15,0,29.13,547.8,77.18,14.23,51.6,1.86,46.93,8.55,44.63
4/19/2019,0.09,0.09,0.08,44.3,65.84,55.61,30.45,0.3,29.43,297.11,90.64,7.92,52.72,4.09,6.84,18.19,98.26
4/20/2019,0.11,0.1,0.08,43.94,61.69,52.85,30.52,0.07,29.5,339.2,84.82,5.84,48.05,3.61,336.44,13.59,86.63
4/21/2019,0.13,0.11,0.1,45.06,62.75,52.28,30.52,0,29.5,444.91,79.55,6.38,45.46,1.83,65.99,9.43,44.04
4/22/2019,0.11,0.11,0.09,38.49,67.57,53.27,30.52,0,29.5,372.25,80.88,8.78,46.69,2.22,108.16,12.28,53.26
4/23/2019,0.12,0.12,0.1,47.93,66.47,57.24,30.53,0.01,29.51,392.35,80.57,8.24,51.1,4.21,245.08,14.91,101.13
4/24/2019,0.22,0.22,0.16,43.28,64.41,53.76,30.53,0,29.51,627.66,63.74,7.21,41.17,9.41,7.14,20.82,225.9
4/25/2019,0.19,0.2,0.16,41.59,71.56,55.99,30.53,0,29.51,559.86,65.51,10.78,43.81,4.76,29.99,21.04,114.31
4/26/2019,0.19,0.18,0.15,39.58,67.49,53.81,30.53,0,29.51,625.65,66.93,8.74,40.92,3.8,30.31,17.32,91.31
4/27/2019,0.16,0.15,0.12,37.14,59.26,48.75,30.53,0,29.51,462.1,67.7,4.63,37.4,5.86,13.77,28.5,140.56
4/28/2019,0.24,0.23,0.17,33.76,64.62,49.78,30.53,0,29.51,652.52,60.62,7.31,34.45,8.83,12.55,21.92,212.04
4/29/2019,0.29,0.31,0.22,45.48,65.93,55.86,30.53,0,29.51,649.85,41.09,7.97,31.74,10.89,356.09,23.45,261.29
4/30/2019,0.26,0.28,0.2,44.5,67.86,55.88,30.53,0,29.51,660.5,45.8,8.93,33.69,7.76,1.41,18.41,186.29
5/1/2019,0.21,0.2,0.16,32.52,68.18,50.78,30.53,0,29.51,662.78,58.39,9.09,33.4,3.7,343.08,20.6,88.78
5/2/2019,0.17,0.15,0.13,31.44,63.37,47.93,30.53,0,29.51,616.46,73.07,6.68,38.35,2.69,31.96,15.12,64.52
5/3/2019,0.21,0.2,0.16,38.49,69.7,53.51,30.53,0,29.51,640.04,72.85,9.85,43.88,5.82,19.48,15.34,139.67
5/4/2019,0.2,0.2,0.16,41.7,72.04,57.44,30.53,0,29.51,642.21,73.33,11.02,47.71,5.04,24.56,14.47,120.89
5/5/2019,0.21,0.22,0.18,43.7,75.47,59.62,30.53,0,29.51,647.23,70.04,12.74,48,4.3,28.75,13.81,103.28
5/6/2019,0.24,0.24,0.19,41.93,79.86,60.8,30.53,0,29.51,651.61,68.43,14.93,48.43,4.54,24.81,16.44,109.02
5/7/2019,0.22,0.2,0.17,40.65,76.59,58.88,30.53,0,29.51,644.91,67.47,13.29,46.57,2.95,17.45,17.54,70.79
5/8/2019,0.22,0.2,0.17,40.18,75.44,57.81,30.53,0,29.51,634.04,74.93,12.72,48.64,4.08,24.72,16.44,97.81
5/9/2019,0.32,0.37,0.27,53.47,84.5,67.82,30.53,0,29.51,663.82,51.97,18.99,46.93,7.6,24.85,21.92,182.35
5/10/2019,0.26,0.26,0.21,44.29,83.7,65.35,30.53,0,29.51,690.38,47.62,16.85,42.07,2.92,35.11,11.18,70.19
5/11/2019,0.25,0.23,0.19,42.35,81.4,61.84,30.53,0,29.51,679.69,65.84,15.7,48.4,2.85,48.22,14.91,68.46
5/12/2019,0.21,0.18,0.15,41.44,74.29,56.16,30.53,0,29.51,573.59,74.65,12.15,46.97,2.72,53.73,13.81,65.17
5/13/2019,0.17,0.14,0.12,41.45,68.11,55.13,30.53,0,29.51,474.51,73.38,9.06,45.91,2.72,159.96,14.47,65.24
5/14/2019,0.11,0.1,0.08,48.86,61.48,54.36,30.76,0.23,29.74,304.44,85.58,5.74,50.03,4.32,182.86,17.1,103.65
5/15/2019,0.07,0.07,0.06,47.97,60.5,54.31,30.83,0.07,29.81,220.38,91.51,5.25,51.88,4.86,12.99,17.32,116.63
5/16/2019,0.09,0.09,0.08,50.64,61.47,56.74,30.89,0.06,29.87,263.45,82.84,6.06,51.45,3.93,238.43,17.97,94.37
5/17/2019,0.14,0.13,0.11,49.07,62.54,54.34,30.99,0.1,29.97,382.47,80.14,6.27,47.73,4.35,206.98,18.63,104.4
5/18/2019,0.14,0.13,0.11,48.71,68.38,55.51,31.68,0.69,30.66,393.6,89.87,9.19,52.16,4.45,4.46,21.48,106.83
5/19/2019,0.15,0.13,0.12,44.5,65.26,54.4,31.72,0.04,30.7,491.42,83.98,7.63,49.06,3.23,8.76,15.34,77.54
5/20/2019,0.17,0.16,0.13,47.97,67.02,55.23,31.74,0.02,30.72,495.61,76.98,8.51,47.07,3.61,168.58,15.12,86.56
5/21/2019,0.12,0.11,0.1,47.85,65.89,54.74,31.85,0.11,30.83,362.61,85.1,7.94,49.93,2.29,14.17,10.52,55.04
5/22/2019,0.17,0.16,0.14,46.82,69.93,58.47,31.9,0.05,30.88,578.62,81.93,9.97,52.37,3.38,194.88,17.54,81.2
5/23/2019,0.19,0.18,0.15,49.86,75.26,59.29,31.91,0.01,30.89,552,83.71,12.63,53.84,3.32,346.27,13.81,79.77
5/24/2019,0.18,0.15,0.13,45.52,65.01,54.09,31.91,0,30.89,491.67,79.52,7.51,47.29,5.26,261.8,23.02,126.16
5/25/2019,0.08,0.07,0.06,45.43,58.01,50.9,32.37,0.46,31.35,196.35,88.68,4,47.59,4.04,218.42,12.28,96.98
5/26/2019,0.17,0.16,0.13,45.93,70.37,56.29,32.43,0.06,31.41,477.32,84.86,10.19,51.53,4.84,26.59,16,116.21
5/27/2019,0.14,0.14,0.12,50.85,67.32,57.56,32.43,0,31.41,442.27,84.6,9.08,52.76,4.18,205.12,16.44,100.28
5/28/2019,0.13,0.13,0.11,51.57,68.4,58.9,32.43,0,31.41,397.62,79.09,9.99,52.11,2.29,165.36,10.3,54.85
5/29/2019,0.2,0.18,0.17,42.61,77.06,59.68,32.43,0,31.41,633.24,78.02,13.53,51.63,1.99,38.44,9.64,47.7
5/30/2019,0.22,0.2,0.17,44.79,77.67,61.25,32.43,0,31.41,638.89,76.37,13.83,52.69,3.02,31.12,13.37,72.48
5/31/2019,0.24,0.23,0.2,47.94,80.6,64.5,32.43,0,31.41,686.29,75.59,15.3,55.49,4.16,25.75,17.1,99.83
6/1/2019,0.27,0.26,0.21,45.87,81.2,64.65,32.43,0,31.41,706.95,69.81,15.6,53.01,5.18,18.6,16.44,124.28
6/2/2019,0.28,0.25,0.21,49.82,80.8,63.88,32.43,0,31.41,711.2,71.63,15.4,53.38,4.27,12.5,15.56,102.57
6/3/2019,0.28,0.25,0.2,42.72,74.64,59.41,32.43,0,31.41,732.06,67.19,12.32,46.57,5.22,20.93,16.22,125.38
6/4/2019,0.3,0.27,0.22,45.89,79.37,61.37,32.43,0,31.41,718.68,57.55,14.69,43.58,4.09,30.99,12.71,98.24
6/5/2019,0.18,0.16,0.13,46.25,70.9,57.88,32.43,0,31.41,372.29,69.08,10.45,47.3,3.89,296.48,19.07,93.34
6/6/2019,0.19,0.17,0.14,48.09,63.64,55.49,32.43,0,31.41,467.36,65.11,6.82,43.37,4.83,285.59,21.92,115.81
6/7/2019,0.2,0.17,0.14,43.52,64.68,54.52,32.53,0.1,31.51,555.65,73.27,7.34,45.36,5.92,240.06,28.06,142.14
6/8/2019,0.21,0.19,0.16,43.52,67.8,56.7,32.53,0,31.51,602.23,67.29,8.9,44.84,4.53,14.58,18.85,108.7
6/9/2019,0.34,0.34,0.26,47.71,81.5,64.14,32.53,0,31.51,728.01,57.36,15.75,46.75,7.57,14.53,18.41,181.71
6/10/2019,0.34,0.35,0.27,51.53,86.5,70.27,32.53,0,31.51,704.1,51.55,18.76,50.04,6.66,19.77,21.92,159.84
6/11/2019,0.39,0.42,0.31,60.44,93.3,77.62,32.53,0,31.51,724.93,48.84,23.22,55.73,7.45,7.9,19.07,178.78
6/12/2019,0.34,0.32,0.26,56.31,97.4,77.06,32.53,0,31.51,709.34,59.25,21.16,58.91,3.36,124.75,15.78,80.64
6/13/2019,0.32,0.28,0.23,53.58,86.9,69.86,32.53,0,31.51,719.56,64.54,19.79,55.71,3.54,15.99,15.78,85.02
6/14/2019,0.31,0.26,0.21,46.54,76.94,62.33,32.53,0,31.51,733.11,67.58,13.47,49.92,5.32,16.38,17.32,127.6
6/15/2019,0.31,0.27,0.22,48.61,79.19,64.36,32.53,0,31.51,713.27,67.36,14.6,52.24,6.26,14.75,19.07,150.35
6/16/2019,0.32,0.3,0.23,51.6,83,66.35,32.53,0,31.51,705.81,66.3,17.3,52.92,5.62,22.6,15.34,134.9
6/17/2019,0.3,0.28,0.23,50.93,83.1,66.82,32.53,0,31.51,721.81,66.89,17.01,53.91,4.67,19.22,18.85,112.19
6/18/2019,0.29,0.26,0.21,53.4,77.54,64.75,32.53,0,31.51,671.43,66.61,15.47,52.26,5.79,20.99,17.97,139.03
6/19/2019,0.28,0.24,0.19,44.25,72.17,58.24,32.53,0,31.51,634.76,61.87,11.08,43.79,5.95,8.39,23.45,142.75
6/20/2019,0.2,0.16,0.13,42.53,68.37,56.35,32.53,0,31.51,444.64,65.8,9.19,44.17,4.05,333.96,17.76,97.18
6/21/2019,0.21,0.18,0.15,43.94,72.85,59.09,32.53,0,31.51,526.79,66.43,11.42,46.66,2.76,56.17,13.15,66.17
6/22/2019,0.25,0.23,0.19,45.35,75.5,60.65,32.53,0,31.51,668.07,70.34,12.75,49.78,4.72,11.98,18.19,113.29
6/23/2019,0.2,0.18,0.15,46.75,73.08,60.47,32.53,0,31.51,504.91,69.25,11.54,49.38,3.41,22.13,18.19,81.89
6/24/2019,0.3,0.28,0.22,50.4,75.6,61.9,32.53,0,31.51,707.29,57.43,13,45.3,5.28,9.97,18.85,126.73
6/25/2019,0.25,0.22,0.18,47.15,73.81,60.46,32.53,0,31.51,630.64,63.47,11.9,47.19,4.15,297.59,17.54,99.54
6/26/2019,0.25,0.22,0.18,48.81,74.42,59.76,32.53,0,31.51,590.23,66.47,12.21,47.46,3.99,276.74,26.08,95.79
6/27/2019,0.11,0.1,0.09,48.07,63.91,56.04,33.11,0.58,32.09,319.71,88.79,6.95,52.59,3.61,213.59,18.19,86.6
6/28/2019,0.22,0.19,0.17,47.61,73.87,59.29,33.11,0,32.09,612.94,75.33,11.94,50.1,2.81,10.9,14.47,67.51
6/29/2019,0.27,0.25,0.21,45.29,80.2,62.81,33.11,0,32.09,726.03,67.91,15.1,50.26,3.91,4.04,17.54,93.92
6/30/2019,0.27,0.25,0.21,47.89,82,65.35,33.11,0,32.09,695.44,66.65,16,52.06,3.61,16.31,16.66,86.6
7/1/2019,0.21,0.19,0.16,51.29,72.41,62.2,33.11,0,32.09,579.97,75.71,11.85,53.98,4.59,221.54,19.07,110.26
END DATA,,,,,,,,,,,,,,,,,
